/*
SQLyog 企业版 - MySQL GUI v8.14 
MySQL - 5.5.29 : Database - kdxx
*********************************************************************
*/

/*!40101 SET NAMES utf8 */;

/*!40101 SET SQL_MODE=''*/;

/*!40014 SET @OLD_UNIQUE_CHECKS=@@UNIQUE_CHECKS, UNIQUE_CHECKS=0 */;
/*!40014 SET @OLD_FOREIGN_KEY_CHECKS=@@FOREIGN_KEY_CHECKS, FOREIGN_KEY_CHECKS=0 */;
/*!40101 SET @OLD_SQL_MODE=@@SQL_MODE, SQL_MODE='NO_AUTO_VALUE_ON_ZERO' */;
/*!40111 SET @OLD_SQL_NOTES=@@SQL_NOTES, SQL_NOTES=0 */;
CREATE DATABASE /*!32312 IF NOT EXISTS*/`kdxx` /*!40100 DEFAULT CHARACTER SET utf8 COLLATE utf8_unicode_ci */;

USE `kdxx`;

/*Table structure for table `说明` */

DROP TABLE IF EXISTS `说明`;

CREATE TABLE `说明` (
  `sm` varchar(10000) COLLATE utf8_unicode_ci DEFAULT NULL
) ENGINE=InnoDB DEFAULT CHARSET=utf8 COLLATE=utf8_unicode_ci;

/*Data for the table `说明` */

insert  into `说明`(`sm`) values ('角色宠物表起始自增值为2w开始    ALTER TABLE player_pet AUTO_INCREMENT =20000'),('configs表  姜涛从2000开始  尹万强从1000开始');

/*Table structure for table `configs` */

DROP TABLE IF EXISTS `configs`;

CREATE TABLE `configs` (
  `id` int(20) NOT NULL AUTO_INCREMENT COMMENT '所有少量配置信息表主键id',
  `datas` varchar(1000) COLLATE utf8_unicode_ci NOT NULL DEFAULT '[]' COMMENT '表达式',
  `context` varchar(200) COLLATE utf8_unicode_ci DEFAULT NULL COMMENT '说明',
  PRIMARY KEY (`id`)
) ENGINE=InnoDB AUTO_INCREMENT=1002 DEFAULT CHARSET=utf8 COLLATE=utf8_unicode_ci;

/*Data for the table `configs` */

insert  into `configs`(`id`,`datas`,`context`) values (1000,'gid*qhlevel+100','宠物强化生命所得收益计算公式 gid宠物品质 qhlevel 宠物强化等级'),(1001,'gid*qhlevel+10','宠物强化攻击力所得收益计算公式 gid宠物品质 qhlevel 宠物强化等级');

/*Table structure for table `growing` */

DROP TABLE IF EXISTS `growing`;

CREATE TABLE `growing` (
  `id` int(20) NOT NULL COMMENT '怪物属性成长表',
  `hp` int(20) DEFAULT '1' COMMENT '血量成长',
  `att` int(20) DEFAULT '1' COMMENT '攻击力成长',
  `def` int(20) DEFAULT '1' COMMENT '防御力',
  `dex` int(20) DEFAULT '1' COMMENT '命中',
  `agl` int(20) DEFAULT '1' COMMENT '闪避',
  `par` int(20) DEFAULT '1' COMMENT '格挡',
  `cri` int(20) DEFAULT '1' COMMENT '暴击',
  `crp` int(20) DEFAULT '1' COMMENT '暴击威力',
  `des` varchar(200) COLLATE utf8_unicode_ci DEFAULT '空' COMMENT '描述',
  `tou` int(20) DEFAULT '1' COMMENT '韧性',
  `ske` int(20) DEFAULT '1' COMMENT '偏斜',
  `color` int(20) DEFAULT '1' COMMENT '名字颜色 1白 2蓝 3紫 4橙',
  `qhlimit` int(20) DEFAULT '0' COMMENT '可强化的等级上限',
  `upmoney` int(20) DEFAULT '0' COMMENT '渡劫所需金钱',
  PRIMARY KEY (`id`)
) ENGINE=InnoDB DEFAULT CHARSET=utf8 COLLATE=utf8_unicode_ci;

/*Data for the table `growing` */

insert  into `growing`(`id`,`hp`,`att`,`def`,`dex`,`agl`,`par`,`cri`,`crp`,`des`,`tou`,`ske`,`color`,`qhlimit`,`upmoney`) values (1,4,1,0,10,10,10,10,10,'10',10,10,1,20,1000),(2,2,2,1,12,12,12,12,12,'12',12,12,1,20,1000),(3,1,3,1,10,10,10,10,10,'10',10,10,1,20,1000),(4,1,2,2,10,10,10,10,10,'10',10,10,1,30,1000);

/*Table structure for table `instance` */

DROP TABLE IF EXISTS `instance`;

CREATE TABLE `instance` (
  `id` int(20) NOT NULL AUTO_INCREMENT COMMENT '副本表 主键id',
  `typeid` int(5) NOT NULL DEFAULT '0' COMMENT '类型 0为普通管卡',
  `iname` varchar(20) COLLATE utf8_unicode_ci NOT NULL COMMENT '副本名称',
  `mlist` varchar(500) COLLATE utf8_unicode_ci DEFAULT '()' COMMENT '([同屏数量,出场前停顿秒数,(怪物id,怪物id,怪物id)],[同屏数量,出场前停顿秒数,(怪物id,怪物id,怪物id)])',
  `monster_increase` varchar(500) COLLATE utf8_unicode_ci DEFAULT '0' COMMENT '怪物增幅 self.att=att*2',
  `pet_increase` varchar(500) COLLATE utf8_unicode_ci DEFAULT '0' COMMENT '宠物增幅 self.defen=defen*2',
  `silver` int(10) DEFAULT '1' COMMENT '通关后获得的银币数量',
  `exp` int(10) DEFAULT '1' COMMENT '通关后获得的经验',
  `condition` varchar(100) COLLATE utf8_unicode_ci DEFAULT '[1,10]' COMMENT '通关条件',
  `udlf` varchar(50) COLLATE utf8_unicode_ci DEFAULT '[1,1,1,1]' COMMENT '副本距离上下左右的距离',
  PRIMARY KEY (`id`)
) ENGINE=InnoDB AUTO_INCREMENT=10 DEFAULT CHARSET=utf8 COLLATE=utf8_unicode_ci;

/*Data for the table `instance` */

insert  into `instance`(`id`,`typeid`,`iname`,`mlist`,`monster_increase`,`pet_increase`,`silver`,`exp`,`condition`,`udlf`) values (1,0,'九秒洞外','[[2,1,[1,2,1,2,1,2,1,2,1,2,3]]]','0','0',100,10,'[1,10]','[1,1,1,1]'),(2,0,'九秒一层','[[3,1,[1,2,3,1,2,3,1,2,3,1,2,3,2,1,2,3,1,2,3,4]]]','0','0',100,20,'[1,10]','[1,1,1,1]'),(3,0,'九秒二层','[[4,1,[1,2,3,1,2,3,1,2,3,1,2,3,2,1,2,3,1,2,3,4]]]','0','0',100,30,'[1,10]','[1,1,1,1]'),(4,0,'九秒三层','[[5,1,[1,2,3,1,2,3,1,2,3,1,2,3,2,1,2,3,1,2,3,4]]]','0','0',100,40,'[1,10]','[1,1,1,1]'),(5,0,'九秒本部','[[6,1,[2,2,2,2,2,3,3,3,3,3,3,4,4,4,4,4,4,4,4,5]]]','0','0',100,50,'[1,10]','[1,1,1,1]'),(6,0,'1','[1, 1, [1]]','0','0',1,1,'0','[1, 11, 1, 1]'),(7,0,'1','[1, 1, [1]]','0','0',1,1,'0','[1, 11, 1, 1]'),(8,0,'1','[1, 1, [1], [2]]','0','0',1,1,'0','[1, 11, 1, 1]'),(9,0,'1','[[1, 1, [1]]]','0','0',1,1,'0','[1, 1, 1, 1]');

/*Table structure for table `intensify` */

DROP TABLE IF EXISTS `intensify`;

CREATE TABLE `intensify` (
  `level` int(10) NOT NULL AUTO_INCREMENT COMMENT '强化等级',
  `probability` int(10) NOT NULL COMMENT '强化成功率 100为100%成功',
  `money` int(10) NOT NULL DEFAULT '100' COMMENT '强化所需金钱',
  PRIMARY KEY (`level`)
) ENGINE=InnoDB AUTO_INCREMENT=51 DEFAULT CHARSET=utf8 COLLATE=utf8_unicode_ci;

/*Data for the table `intensify` */

insert  into `intensify`(`level`,`probability`,`money`) values (1,50,100),(2,50,200),(3,50,300),(4,50,400),(5,50,500),(6,50,600),(7,50,700),(8,50,800),(9,50,900),(10,50,1000),(11,40,1100),(12,40,1200),(13,40,100),(14,40,100),(15,40,100),(16,40,100),(17,40,100),(18,40,100),(19,40,100),(20,40,100),(21,30,100),(22,30,100),(23,30,100),(24,30,100),(25,30,100),(26,30,100),(27,30,100),(28,30,100),(29,30,100),(30,30,100),(31,20,100),(32,20,100),(33,20,100),(34,20,100),(35,20,100),(36,20,100),(37,20,100),(38,20,100),(39,20,100),(40,20,100),(41,10,100),(42,10,100),(43,10,100),(44,10,100),(45,10,100),(46,10,100),(47,10,100),(48,10,100),(49,10,100),(50,10,100);

/*Table structure for table `language` */

DROP TABLE IF EXISTS `language`;

CREATE TABLE `language` (
  `id` int(10) NOT NULL COMMENT '序号',
  `content` varchar(1024) COLLATE utf8_unicode_ci NOT NULL COMMENT '内容',
  `txt` varchar(1024) COLLATE utf8_unicode_ci NOT NULL COMMENT '中文',
  PRIMARY KEY (`id`)
) ENGINE=InnoDB DEFAULT CHARSET=utf8 COLLATE=utf8_unicode_ci;

/*Data for the table `language` */

insert  into `language`(`id`,`content`,`txt`) values (1000,'角色不存在','角色不存在'),(1001,'获取强化属性界面成功','获取强化属性界面成功'),(1002,'角色没有该宠物或该宠物未解锁','角色没有该宠物或该宠物未解锁'),(1003,'已到强化上限','已到强化上限'),(1004,'银币不足','银币不足'),(1005,'强化%s','强化%s'),(1006,'强化到达上限后方可渡劫','强化到达上限后方可渡劫'),(1007,'已是最高品质，无需渡劫','已是最高品质，无需渡劫'),(1008,'渡劫成功','渡劫成功'),(1009,'获取福利界面成功','获取福利界面成功'),(1010,'领取失败，未通关要求关卡','领取失败，未通关要求关卡'),(1011,'领取成功','领取成功'),(1012,'账号已存在','账号已存在'),(1013,'已经解锁不能重复解锁','已经解锁不能重复解锁'),(1014,'角色目前状态:未登录','角色目前状态:未登录'),(1015,'福利任务完成,可以去领奖励啦','福利任务完成,可以去领奖励啦'),(1016,'福利任务奖励领取成功','福利任务奖励领取成功');

/*Table structure for table `modulus` */

DROP TABLE IF EXISTS `modulus`;

CREATE TABLE `modulus` (
  `id` int(20) NOT NULL AUTO_INCREMENT COMMENT '战斗系数',
  `hp` int(20) DEFAULT '1' COMMENT '血量系数',
  `att` int(20) DEFAULT '1' COMMENT '攻击力系数',
  `def` int(20) DEFAULT '1' COMMENT '防御系数',
  `dex` double DEFAULT '1' COMMENT '命中系数',
  `agl` int(20) DEFAULT '1' COMMENT '闪避系数',
  `par` int(20) DEFAULT '1' COMMENT '格挡系数',
  `cri` double DEFAULT '1.1' COMMENT '暴击系数',
  `crp` double DEFAULT '1' COMMENT '暴击威力系数',
  `tou` int(20) DEFAULT '1' COMMENT '韧性系数',
  `ske` int(20) DEFAULT '1' COMMENT '偏斜系数',
  PRIMARY KEY (`id`)
) ENGINE=InnoDB AUTO_INCREMENT=2 DEFAULT CHARSET=utf8 COLLATE=utf8_unicode_ci;

/*Data for the table `modulus` */

insert  into `modulus`(`id`,`hp`,`att`,`def`,`dex`,`agl`,`par`,`cri`,`crp`,`tou`,`ske`) values (1,1,1,1,1,1,1,1,1,1,1);

/*Table structure for table `monster` */

DROP TABLE IF EXISTS `monster`;

CREATE TABLE `monster` (
  `id` int(20) NOT NULL AUTO_INCREMENT COMMENT '怪物表',
  `pname` varchar(20) COLLATE utf8_unicode_ci NOT NULL DEFAULT '无名小怪' COMMENT '怪物名称',
  `color` int(5) NOT NULL DEFAULT '1' COMMENT '怪物名称颜色 1=白色  2=蓝色  3=紫色  4=橙色',
  `btype` int(5) NOT NULL DEFAULT '1' COMMENT '战斗类型  1=近战   2=远程   3=加血',
  `hp` int(20) NOT NULL DEFAULT '1' COMMENT '血量值',
  `att` int(20) NOT NULL DEFAULT '1' COMMENT '攻击力值',
  `def` int(20) NOT NULL DEFAULT '1' COMMENT '防御力值',
  `dex` int(20) NOT NULL DEFAULT '1' COMMENT '命中值',
  `agl` int(20) NOT NULL DEFAULT '1' COMMENT '闪避值',
  `par` int(20) NOT NULL DEFAULT '1' COMMENT '格挡值',
  `cri` int(20) NOT NULL DEFAULT '1' COMMENT '暴击值',
  `crp` int(20) NOT NULL DEFAULT '1' COMMENT '暴击威力值',
  `spd` int(20) NOT NULL DEFAULT '1' COMMENT '攻击速度',
  `mov` int(20) NOT NULL DEFAULT '1' COMMENT '移动速度',
  `rng` int(20) NOT NULL DEFAULT '1' COMMENT '攻击距离',
  `skilllist` varchar(100) COLLATE utf8_unicode_ci NOT NULL DEFAULT '[]' COMMENT '主动技能id列表',
  `coatt` int(20) NOT NULL DEFAULT '1' COMMENT '目标改变 1会改变目标   2平均随机目标   3锁定一个目标往死里打',
  `dou` int(20) NOT NULL DEFAULT '1' COMMENT '破体值',
  `tou` int(20) NOT NULL DEFAULT '1' COMMENT '韧性值',
  `ske` int(20) NOT NULL DEFAULT '1' COMMENT '偏斜值',
  `resourceid` int(10) DEFAULT '0' COMMENT '资源id',
  PRIMARY KEY (`id`)
) ENGINE=InnoDB AUTO_INCREMENT=8 DEFAULT CHARSET=utf8 COLLATE=utf8_unicode_ci;

/*Data for the table `monster` */

insert  into `monster`(`id`,`pname`,`color`,`btype`,`hp`,`att`,`def`,`dex`,`agl`,`par`,`cri`,`crp`,`spd`,`mov`,`rng`,`skilllist`,`coatt`,`dou`,`tou`,`ske`,`resourceid`) values (1,'木桩',1,1,100,11,100,100,10,10,50,100,200,200,260,'[]',1,10,10,20,2001),(2,'巡山小妖',1,1,160,14,130,100,10,10,50,100,200,200,260,'[]',1,10,10,20,2002),(3,'虾兵',2,1,220,18,160,100,10,10,100,100,200,200,260,'[]',1,10,10,20,2003),(4,'蟹将',2,1,300,23,190,100,10,100,0,100,200,200,260,'[]',1,10,10,20,2004),(5,'黑水大王',3,1,500,29,220,100,20,10,200,100,200,200,260,'[]',1,10,10,20,2005),(6,'1',1,1,1,1,1,1,1,1,1,1,1,1,1,'[1]',1,1,1,1,0),(7,'无名小怪',1,1,1,1,1,1,1,1,1,1,1,1,1,'[]',1,1,1,1,1);

/*Table structure for table `pet` */

DROP TABLE IF EXISTS `pet`;

CREATE TABLE `pet` (
  `id` int(20) NOT NULL AUTO_INCREMENT COMMENT '宠物、怪物表',
  `pname` varchar(20) COLLATE utf8_unicode_ci NOT NULL DEFAULT '无名小怪' COMMENT '宠物名称',
  `gid` int(10) DEFAULT NULL COMMENT '成长值   growing表外键id',
  `btype` int(5) NOT NULL DEFAULT '1' COMMENT '战斗类型  1=近战   2=远程   3=加血',
  `hp` int(20) NOT NULL DEFAULT '1' COMMENT '初始血量',
  `att` int(20) NOT NULL DEFAULT '1' COMMENT '初始攻击力',
  `def` int(20) NOT NULL DEFAULT '1' COMMENT '初始防御力',
  `dex` int(20) NOT NULL DEFAULT '1' COMMENT '初始命中',
  `agl` int(20) NOT NULL DEFAULT '1' COMMENT '初始闪避',
  `par` int(20) NOT NULL DEFAULT '1' COMMENT '初始格挡',
  `cri` int(20) NOT NULL DEFAULT '1' COMMENT '初始暴击',
  `crp` int(20) NOT NULL DEFAULT '1' COMMENT '初始暴击威力',
  `spd` int(20) NOT NULL DEFAULT '1' COMMENT '攻击速度',
  `mov` int(20) NOT NULL DEFAULT '1' COMMENT '移动速度',
  `rng` int(20) NOT NULL DEFAULT '1' COMMENT '攻击距离',
  `skilllist` varchar(100) COLLATE utf8_unicode_ci NOT NULL DEFAULT '[1]' COMMENT '主动技能id列表',
  `coatt` int(20) NOT NULL DEFAULT '1' COMMENT '目标改变 1会改变目标   2平均随机目标   3锁定一个目标往死里打',
  `dou` int(20) NOT NULL DEFAULT '1' COMMENT '破体值',
  `tou` int(20) NOT NULL DEFAULT '1' COMMENT '韧性值',
  `ske` int(20) NOT NULL DEFAULT '1' COMMENT '偏斜值',
  `resourceid` int(10) DEFAULT '0' COMMENT '资源id',
  `headid` int(10) DEFAULT '0' COMMENT '头像id',
  PRIMARY KEY (`id`)
) ENGINE=InnoDB AUTO_INCREMENT=5 DEFAULT CHARSET=utf8 COLLATE=utf8_unicode_ci;

/*Data for the table `pet` */

insert  into `pet`(`id`,`pname`,`gid`,`btype`,`hp`,`att`,`def`,`dex`,`agl`,`par`,`cri`,`crp`,`spd`,`mov`,`rng`,`skilllist`,`coatt`,`dou`,`tou`,`ske`,`resourceid`,`headid`) values (1,'小傻瓜',1,3,80,15,0,100,30,0,100,100,200,210,260,'[5]',10,10,10,10,1001,1001),(2,'大笨蛋',2,1,115,16,20,100,10,50,100,100,200,250,260,'[1]',10,10,10,10,1002,1002),(3,'胖纸',3,2,90,18,0,100,20,0,100,100,200,250,260,'[2]',10,10,10,10,1003,1003),(4,'小伙伴',4,1,105,14,15,100,10,20,10,100,200,250,220,'[1]',10,10,10,10,1004,1004);

/*Table structure for table `pet_exp` */

DROP TABLE IF EXISTS `pet_exp`;

CREATE TABLE `pet_exp` (
  `levelId` int(10) NOT NULL COMMENT '等级id',
  `exp` int(10) NOT NULL DEFAULT '0' COMMENT '升级到下一级所需经验值',
  PRIMARY KEY (`levelId`)
) ENGINE=InnoDB DEFAULT CHARSET=utf8 COLLATE=utf8_unicode_ci;

/*Data for the table `pet_exp` */

insert  into `pet_exp`(`levelId`,`exp`) values (1,100),(2,200),(3,300),(4,400),(5,500),(6,600),(7,700),(8,800),(9,900),(10,0);

/*Table structure for table `pet_new_instance` */

DROP TABLE IF EXISTS `pet_new_instance`;

CREATE TABLE `pet_new_instance` (
  `id` int(20) NOT NULL AUTO_INCREMENT COMMENT '通关副本开启新宠物表主键id',
  `instanceid` int(20) NOT NULL COMMENT '通关副本id',
  `petid` int(20) NOT NULL COMMENT '出现新的宠物',
  `silver` int(10) NOT NULL DEFAULT '1' COMMENT '解锁需要的银币数量',
  PRIMARY KEY (`id`),
  UNIQUE KEY `instanceid` (`instanceid`)
) ENGINE=InnoDB AUTO_INCREMENT=1005 DEFAULT CHARSET=utf8 COLLATE=utf8_unicode_ci;

/*Data for the table `pet_new_instance` */

insert  into `pet_new_instance`(`id`,`instanceid`,`petid`,`silver`) values (1003,1,3,100),(1004,2,4,1);

/*Table structure for table `pet_show` */

DROP TABLE IF EXISTS `pet_show`;

CREATE TABLE `pet_show` (
  `id` int(20) NOT NULL AUTO_INCREMENT COMMENT '显示宠物表 用于角色拖动到战斗方阵中',
  PRIMARY KEY (`id`)
) ENGINE=InnoDB DEFAULT CHARSET=utf8 COLLATE=utf8_unicode_ci;

/*Data for the table `pet_show` */

/*Table structure for table `player` */

DROP TABLE IF EXISTS `player`;

CREATE TABLE `player` (
  `id` int(20) NOT NULL AUTO_INCREMENT COMMENT '角色表主键id',
  `uname` varchar(20) COLLATE utf8_unicode_ci NOT NULL DEFAULT '0' COMMENT '账号',
  `pwd` varchar(20) COLLATE utf8_unicode_ci DEFAULT '0' COMMENT '密码',
  `nickname` varchar(20) COLLATE utf8_unicode_ci DEFAULT '昵称' COMMENT '角色名称',
  `gold` int(20) DEFAULT '0' COMMENT '金币数量',
  `silvermoney` int(20) DEFAULT '0' COMMENT '银币数量',
  `createtime` timestamp NOT NULL DEFAULT CURRENT_TIMESTAMP COMMENT '角色创建时间',
  `luck` int(20) DEFAULT '0' COMMENT '角色宠物强化幸运值',
  PRIMARY KEY (`id`,`uname`),
  UNIQUE KEY `id` (`id`)
) ENGINE=InnoDB AUTO_INCREMENT=100674 DEFAULT CHARSET=utf8 COLLATE=utf8_unicode_ci;

/*Data for the table `player` */

insert  into `player`(`id`,`uname`,`pwd`,`nickname`,`gold`,`silvermoney`,`createtime`,`luck`) values (100001,'111111','111111','修仙的小狼',100,971400,'2013-09-17 15:33:08',0),(100002,'222222','222222','昵称',0,0,'2013-09-18 10:20:41',0),(100004,'333333','333333','昵称',0,0,'2013-10-15 14:06:03',0),(100005,'1a2b3c','111111','昵称',0,0,'2014-01-20 11:14:55',0),(100006,'tt11tt','111111','昵称',0,0,'2014-01-20 11:29:38',0),(100007,'zxcv','11111','昵称',0,0,'2014-01-20 11:32:52',0),(100008,'kwkqk','11111','昵称',0,0,'2014-01-20 17:03:11',0),(100009,'R1123','111111','昵称',0,0,'2014-01-21 10:09:57',0),(100010,'qwert','11111','昵称',0,0,'2014-01-21 10:55:57',0),(100011,'qwer','123456','昵称',0,0,'2014-01-21 10:57:18',0),(100012,'zcxv','111111','昵称',0,0,'2014-01-21 10:58:48',0),(100013,'11aqsd','11111','昵称',0,0,'2014-01-21 11:14:56',0),(100014,'llll123','111111','昵称',0,0,'2014-01-21 13:52:20',0),(100015,'1234abc','111111','昵称',0,0,'2014-01-21 13:57:32',0),(100016,'vbnm123','111111','昵称',0,0,'2014-01-21 13:59:00',0),(100017,'123add','111111','昵称',0,0,'2014-01-21 14:08:11',0),(100018,'21e1z','1111','昵称',0,0,'2014-01-21 14:23:51',0),(100019,'ghfghh','11111','昵称',0,0,'2014-01-21 14:24:55',0),(100020,'ouio','1111','昵称',0,0,'2014-01-21 14:26:21',0),(100021,'hjku','11111','昵称',0,0,'2014-01-21 14:29:36',0),(100022,'12302a','11111','昵称',0,0,'2014-01-21 14:30:45',0),(100023,'cftg','1111','昵称',0,0,'2014-01-21 14:32:39',0),(100024,'czc1d','11111','昵称',0,0,'2014-01-21 14:33:12',0),(100025,'Rzxc','1234','昵称',0,0,'2014-01-21 14:33:59',0),(100026,'jubnm','1111','昵称',0,0,'2014-01-21 14:35:28',0),(100027,'cdc123','111111','昵称',0,0,'2014-01-21 14:53:46',0),(100028,'asdsxz','111111','昵称',0,0,'2014-01-21 14:57:49',0),(100029,'zxcad','11111','昵称',0,0,'2014-01-21 14:59:16',0),(100030,'vbnht','11111','昵称',0,0,'2014-01-21 15:00:49',0),(100031,'hgfty','1111','昵称',0,0,'2014-01-21 15:10:32',0),(100032,'cxvzf','11111','昵称',0,0,'2014-01-21 15:17:33',0),(100033,'Pppp0','123456','昵称',0,0,'2014-01-21 15:20:08',0),(100034,'zxcvba','111111','昵称',0,0,'2014-01-21 15:23:04',0),(100035,'dfgdzx','11111','昵称',0,0,'2014-01-21 15:29:53',0),(100036,'xcvx123','111111','昵称',0,0,'2014-01-21 15:31:00',0),(100037,'fghffy','111111','昵称',0,0,'2014-01-21 15:34:24',0),(100038,'gfhjvm','11111','昵称',0,0,'2014-01-21 15:45:36',0),(100039,'sfzcv','11111','昵称',0,0,'2014-01-22 10:13:47',0),(100040,'Rzxcv','11111','昵称',0,0,'2014-01-22 10:23:02',0),(100041,'hgtg1','111111','昵称',0,0,'2014-01-22 10:34:13',0),(100042,'zxvdsg','11111','昵称',0,0,'2014-01-22 10:36:44',0),(100043,'cvxe12','11111','昵称',0,0,'2014-01-22 10:39:54',0),(100044,'zxcasd','11111','昵称',0,0,'2014-01-22 10:41:07',0),(100045,'uluiou','11111','昵称',0,0,'2014-01-22 10:43:41',0),(100046,'lkjpop','11111','昵称',0,0,'2014-01-22 10:49:12',0),(100047,'nlioup','11111','昵称',0,0,'2014-01-22 10:56:04',0),(100048,'ryumgj','11111','昵称',0,0,'2014-01-22 10:56:30',0),(100049,'Iyiyiiu','11111','昵称',0,0,'2014-01-22 11:00:18',0),(100050,'dfaf','11111','昵称',0,0,'2014-01-22 11:05:22',0),(100051,'asdfs13','111111','昵称',0,0,'2014-01-22 11:13:35',0),(100052,'zcqweg','111111','昵称',0,0,'2014-01-22 11:20:31',0),(100053,'rtytrcx','111111','昵称',0,0,'2014-01-22 11:33:01',0),(100054,'zxcza1','11111','昵称',0,0,'2014-01-22 11:39:53',0),(100055,'xcvza','111111','',100,10000,'2014-01-21 14:32:39',0),(100056,'xzcvx','11111','',100,10000,'2014-01-21 14:32:39',0),(100057,'xzcvzv','11111','',100,10000,'2014-01-21 14:32:39',0),(100058,'thmjter','11111','',100,10000,'2014-01-21 14:32:39',0),(100059,'Rcxzv','11111','',100,10000,'2014-01-21 14:32:39',0),(100060,'zxvzzc','1111','',100,10000,'2014-01-21 14:32:39',0),(100061,'yukiyt','11111','',100,10000,'2014-01-21 14:32:39',0),(100062,'zxcbh','11111','',100,10000,'2014-01-21 14:32:39',0),(100063,'zxvba','11111','',100,10000,'2014-01-21 14:32:39',0),(100064,'zxvzad1','22222','',100,10000,'2014-01-21 14:32:39',0),(100065,'zxvbhyy','1111','',100,10000,'2014-01-21 14:32:39',0),(100066,'kuyite','1111','',100,10000,'2014-01-21 14:32:39',0),(100067,'sjafn1','11111','',100,10000,'2014-01-21 14:32:39',0),(100068,'zvafdas','11111','',100,10000,'2014-01-21 14:32:39',0),(100069,'zxva13','1111','',100,10000,'2014-01-21 14:32:39',0),(100070,'baghe','111','',100,10000,'2014-01-21 14:32:39',0),(100071,'tryutrh','11111','',100,10000,'2014-01-21 14:32:39',0),(100072,'cmcvw','111','',100,10000,'2014-01-21 14:32:39',0),(100073,'cxvbstt','11111','',100,10000,'2014-01-21 14:32:39',0),(100074,'dswqr','1','',100,10000,'2014-01-21 14:32:39',0),(100075,'1','1','',100,10000,'2014-01-21 14:32:39',0),(100076,'2','2','',100,10000,'2014-01-21 14:32:39',0),(100077,'R3','1','',100,10000,'2014-01-21 14:32:39',0),(100078,'3r','1','',100,10000,'2014-01-21 14:32:39',0),(100079,'ff1','1','',100,10000,'2014-01-21 14:32:39',0),(100080,'T1','1','',100,10000,'2014-01-21 14:32:39',0),(100081,'c','1','',100,10000,'2014-01-21 14:32:39',0),(100082,'vzgaf1','1','',100,10000,'2014-01-21 14:32:39',0),(100083,'Rhertw','1','',100,10000,'2014-01-21 14:32:39',0),(100084,'tyuee','1111','',100,10000,'2014-01-21 14:32:39',0),(100085,'poqkns','1','',100,10000,'2014-01-21 14:32:39',0),(100086,'lwkzs','1','',100,10000,'2014-01-21 14:32:39',0),(100087,'dtfxdf','333','',100,10000,'2014-01-21 14:32:39',0),(100088,'rityuty','1','',100,10000,'2014-01-21 14:32:39',0),(100089,'tyuru','1','',100,10000,'2014-01-21 14:32:39',0),(100090,'Yuihrtyu','11','',100,10000,'2014-01-21 14:32:39',0),(100091,'rtycxcx','1','',100,10000,'2014-01-21 14:32:39',0),(100092,'Tyuyii','1','',100,10000,'2014-01-21 14:32:39',0),(100093,'ewrvx','1','',100,10000,'2014-01-21 14:32:39',0),(100094,'yuoyi','1','',100,10000,'2014-01-21 14:32:39',0),(100095,'yuiyti','1','',100,10000,'2014-01-21 14:32:39',0),(100096,'uiyoyo','1','',100,10000,'2014-01-21 14:32:39',0),(100097,'yturty','1','',100,10000,'2014-01-21 14:32:39',0),(100098,'fhgert','1','',100,10000,'2014-01-21 14:32:39',0),(100099,'tyutt','1','',100,10000,'2014-01-21 14:32:39',0),(100100,'herwt','1','',100,10000,'2014-01-21 14:32:39',0),(100101,'ertwet','1','',100,10000,'2014-01-21 14:32:39',0),(100102,'asdqwe','1','',100,10000,'2014-01-21 14:32:39',0),(100103,'eewg','1','',100,10000,'2014-01-21 14:32:39',0),(100104,'rewgwe','11','',100,10000,'2014-01-21 14:32:39',0),(100105,'xzvzxfsd','1','',100,10000,'2014-01-21 14:32:39',0),(100106,'asdas','1','',100,10000,'2014-01-21 14:32:39',0),(100107,'qeqwv1','111','',100,10000,'2014-01-21 14:32:39',0),(100108,'sadqw','11','',100,10000,'2014-01-21 14:32:39',0),(100109,'asdcz1','1','',100,10000,'2014-01-21 14:32:39',0),(100110,'Rxcvsw','11','',100,10000,'2014-01-21 14:32:39',0),(100111,'123d12','1','',100,10000,'2014-01-21 14:32:39',0),(100112,'asdasd','1111','',100,10000,'2014-01-21 14:32:39',0),(100113,'jsjsjj','111','',100,10000,'2014-01-21 14:32:39',0),(100114,'jwjsja','11','',100,10000,'2014-01-21 14:32:39',0),(100115,'kqkjj','111','',100,10000,'2014-01-21 14:32:39',0),(100116,'sdfsdr','1','',100,10000,'2014-01-21 14:32:39',0),(100117,'zxvda1','1','',100,10000,'2014-01-21 14:32:39',0),(100118,'weqe','1','',100,10000,'2014-01-21 14:32:39',0),(100119,'asdaa1','1','',100,10000,'2014-01-21 14:32:39',0),(100120,'xasas1','1','',100,10000,'2014-01-21 14:32:39',0),(100121,'casd1','111','',100,10000,'2014-01-21 14:32:39',0),(100122,'dsad12','1','',100,10000,'2014-01-21 14:32:39',0),(100123,'ASXAA','1','',100,10000,'2014-01-21 14:32:39',0),(100124,'Rvewq','1','',100,10000,'2014-01-21 14:32:39',0),(100125,'kjlkjlk','1','',100,10000,'2014-01-21 14:32:39',0),(100126,'vdsads','2','',100,10000,'2014-01-21 14:32:39',0),(100127,'vasdf','1','',100,10000,'2014-01-21 14:32:39',0),(100128,'casd13','1','',100,10000,'2014-01-21 14:32:39',0),(100129,'vaweq','1','',100,10000,'2014-01-21 14:32:39',0),(100130,'Rrxcv','1','',100,10000,'2014-01-21 14:32:39',0),(100131,'R312','11','',100,10000,'2014-01-21 14:32:39',0),(100132,'asda','1','',100,10000,'2014-01-21 14:32:39',0),(100133,'Rryui','11','',100,10000,'2014-01-21 14:32:39',0),(100134,'jijpup','1111','',100,10000,'2014-01-21 14:32:39',0),(100135,'vasd1','11','',100,10000,'2014-01-21 14:32:39',0),(100136,'berer','11','',100,10000,'2014-01-21 14:32:39',0),(100137,'dsafsd','1','',100,10000,'2014-01-21 14:32:39',0),(100138,'vdsaf1','1','',100,10000,'2014-01-21 14:32:39',0),(100139,'vsaf','1','',100,10000,'2014-01-21 14:32:39',0),(100140,'vdssdf1','1','',100,10000,'2014-01-21 14:32:39',0),(100141,'asdcas21','11','',100,10000,'2014-01-21 14:32:39',0),(100142,'saxa12','1','',100,10000,'2014-01-21 14:32:39',0),(100143,'qweqw','11','',100,10000,'2014-01-21 14:32:39',0),(100144,'vdsfds','11','',100,10000,'2014-01-21 14:32:39',0),(100145,'asdsa1','1','',100,10000,'2014-01-21 14:32:39',0),(100146,'ghjgfm','111','',100,10000,'2014-01-21 14:32:39',0),(100147,'dwsfw','11','',100,10000,'2014-01-21 14:32:39',0),(100148,'abcde','111','',100,10000,'2014-01-21 14:32:39',0),(100149,'asdv1','11','',100,10000,'2014-01-21 14:32:39',0),(100150,'vwed12','11','',100,10000,'2014-01-21 14:32:39',0),(100151,'erqrqw','11','',100,10000,'2014-01-21 14:32:39',0),(100152,'wqerq','11','',100,10000,'2014-01-21 14:32:39',0),(100153,'qwefq1','11','',100,10000,'2014-01-21 14:32:39',0),(100154,'dsf1e','1','',100,10000,'2014-01-21 14:32:39',0),(100155,'gree1','1','',100,10000,'2014-01-21 14:32:39',0),(100156,'sdaf13','11','',100,10000,'2014-01-21 14:32:39',0),(100157,'xcvuyk','11','',100,10000,'2014-01-21 14:32:39',0),(100158,'gerger','11','',100,10000,'2014-01-21 14:32:39',0),(100159,'ewrqfq','11','',100,10000,'2014-01-21 14:32:39',0),(100160,'sdvsdfa','11','',100,10000,'2014-01-21 14:32:39',0),(100161,'sdvas1','1','',100,10000,'2014-01-21 14:32:39',0),(100162,'csadqe','1','',100,10000,'2014-01-21 14:32:39',0),(100163,'vqeewqf','1','',100,10000,'2014-01-21 14:32:39',0),(100164,'fqweq1','1','',100,10000,'2014-01-21 14:32:39',0),(100165,'gwr234','1','',100,10000,'2014-01-21 14:32:39',0),(100166,'jnojho','1','',100,10000,'2014-01-21 14:32:39',0),(100167,'fewewwe','1','',100,10000,'2014-01-21 14:32:39',0),(100168,'vceww','11','',100,10000,'2014-01-21 14:32:39',0),(100169,'ytuer','11','',100,10000,'2014-01-21 14:32:39',0),(100170,'ewqr','11','',100,10000,'2014-01-21 14:32:39',0),(100171,'trtyre','1','',100,10000,'2014-01-21 14:32:39',0),(100172,'dsaeq','11','',100,10000,'2014-01-21 14:32:39',0),(100173,'csad1','1','',100,10000,'2014-01-21 14:32:39',0),(100174,'rtbyer','1','',100,10000,'2014-01-21 14:32:39',0),(100175,'424d2','11','',100,10000,'2014-01-21 14:32:39',0),(100176,'qsqwq','1','',100,10000,'2014-01-21 14:32:39',0),(100177,'bgohko','1','',100,10000,'2014-01-21 14:32:39',0),(100178,'dqdwq','1','',100,10000,'2014-01-21 14:32:39',0),(100179,'vsdfa','1','',100,10000,'2014-01-21 14:32:39',0),(100180,'vdsaf','1','',100,10000,'2014-01-21 14:32:39',0),(100181,'qdewq','1','',100,10000,'2014-01-21 14:32:39',0),(100182,'sdfaf','11','',100,10000,'2014-01-21 14:32:39',0),(100183,'s1231','1','',100,10000,'2014-01-21 14:32:39',0),(100184,'hrerw1','1','',100,10000,'2014-01-21 14:32:39',0),(100185,'uykrur','1','',100,10000,'2014-01-21 14:32:39',0),(100186,'grtryr','1','',100,10000,'2014-01-21 14:32:39',0),(100187,'uiuyiyy','1','',100,10000,'2014-01-21 14:32:39',0),(100188,'abadsf','1','',100,10000,'2014-01-21 14:32:39',0),(100189,'werwr1','11','',100,10000,'2014-01-21 14:32:39',0),(100190,'bdsfdsf','1','',100,10000,'2014-01-21 14:32:39',0),(100191,'vsadf','1','',100,10000,'2014-01-21 14:32:39',0),(100192,'dqwwqe','1','',100,10000,'2014-01-21 14:32:39',0),(100193,'vqewqe','1','',100,10000,'2014-01-21 14:32:39',0),(100194,'qweqwd','1','',100,10000,'2014-01-21 14:32:39',0),(100195,'htryryy','1','',100,10000,'2014-01-21 14:32:39',0),(100196,'vsafdq','1','',100,10000,'2014-01-21 14:32:39',0),(100197,'d21312','1','',100,10000,'2014-01-21 14:32:39',0),(100198,'dwqeq','ee','',100,10000,'2014-01-21 14:32:39',0),(100199,'dasd','1','',100,10000,'2014-01-21 14:32:39',0),(100200,'casdsa','1','',100,10000,'2014-01-21 14:32:39',0),(100201,'casdas','1','',100,10000,'2014-01-21 14:32:39',0),(100202,'dfsaf','1','',100,10000,'2014-01-21 14:32:39',0),(100203,'dqwe1','1','',100,10000,'2014-01-21 14:32:39',0),(100204,'adsas1','1','',100,10000,'2014-01-21 14:32:39',0),(100205,'vwerew','1','',100,10000,'2014-01-21 14:32:39',0),(100206,'asdase','1','',100,10000,'2014-01-21 14:32:39',0),(100207,'qweqgfq','1','',100,10000,'2014-01-21 14:32:39',0),(100208,'vqerwqe','1','',100,10000,'2014-01-21 14:32:39',0),(100209,'scaeq1','1','',100,10000,'2014-01-21 14:32:39',0),(100210,'lyuiyi','11','',100,10000,'2014-01-21 14:32:39',0),(100211,'vywer','1','',100,10000,'2014-01-21 14:32:39',0),(100212,'adqwe','11','',100,10000,'2014-01-21 14:32:39',0),(100213,'sadfr','11','',100,10000,'2014-01-21 14:32:39',0),(100214,'cvasdqw','1','',100,10000,'2014-01-21 14:32:39',0),(100215,'casdq','11','',100,10000,'2014-01-21 14:32:39',0),(100216,'fqewqe','1','',100,10000,'2014-01-21 14:32:39',0),(100217,'kryutt','1','',100,10000,'2014-01-21 14:32:39',0),(100218,'vsdrqw','1','',100,10000,'2014-01-21 14:32:39',0),(100219,'cqwe1','1','',100,10000,'2014-01-21 14:32:39',0),(100220,'bretwr','1','',100,10000,'2014-01-21 14:32:39',0),(100221,'bqqwe','1','',100,10000,'2014-01-21 14:32:39',0),(100222,'sjzjwjs','12','',100,10000,'2014-01-21 14:32:39',0),(100223,'sowodew','1','',100,10000,'2014-01-21 14:32:39',0),(100224,'fhfchh','1','',100,10000,'2014-01-21 14:32:39',0),(100225,'bejwjs','1','',100,10000,'2014-01-21 14:32:39',0),(100226,'csadasd1','1','',100,10000,'2014-01-21 14:32:39',0),(100227,'skwka','1','',100,10000,'2014-01-21 14:32:39',0),(100228,'vggddtf','11','',100,10000,'2014-01-21 14:32:39',0),(100229,'vsaeqe','1','',100,10000,'2014-01-21 14:32:39',0),(100230,'vqweqg','1','',100,10000,'2014-01-21 14:32:39',0),(100231,'ertrrqsf','1','',100,10000,'2014-01-21 14:32:39',0),(100232,'vqweqc','1','',100,10000,'2014-01-21 14:32:39',0),(100233,'qweqwgf','1','',100,10000,'2014-01-21 14:32:39',0),(100234,'gwreqr','1','',100,10000,'2014-01-21 14:32:39',0),(100235,'vsdfqr','1','',100,10000,'2014-01-21 14:32:39',0),(100236,'vqweqwe','1','',100,10000,'2014-01-21 14:32:39',0),(100237,'cqweqe','1','',100,10000,'2014-01-21 14:32:39',0),(100238,'vsdfqe','1','',100,10000,'2014-01-21 14:32:39',0),(100239,'vqweqfr','1','',100,10000,'2014-01-21 14:32:39',0),(100240,'bwrwqr','1','',100,10000,'2014-01-21 14:32:39',0),(100241,'vqwerr','1','',100,10000,'2014-01-21 14:32:39',0),(100242,'vqeqwe','1','',100,10000,'2014-01-21 14:32:39',0),(100243,'fqweqr','1','',100,10000,'2014-01-21 14:32:39',0),(100244,'etgqwr','1','',100,10000,'2014-01-21 14:32:39',0),(100245,'bwqrw','1','',100,10000,'2014-01-21 14:32:39',0),(100246,'vqweq','1','',100,10000,'2014-01-21 14:32:39',0),(100247,'Rvsafw','1','',100,10000,'2014-01-21 14:32:39',0),(100248,'crveder','11','',100,10000,'2014-01-21 14:32:39',0),(100249,'Rbsadf','1','',100,10000,'2014-01-21 14:32:39',0),(100250,'weqgqr','1','',100,10000,'2014-01-21 14:32:39',0),(100251,'dqwqwe','1','',100,10000,'2014-01-21 14:32:39',0),(100252,'cvaseqw','1','',100,10000,'2014-01-21 14:32:39',0),(100253,'cwqqw','1','',100,10000,'2014-01-21 14:32:39',0),(100254,'cqweqc','1','',100,10000,'2014-01-21 14:32:39',0),(100255,'qwewqe','1','',100,10000,'2014-01-21 14:32:39',0),(100256,'fwqeqw','1','',100,10000,'2014-01-21 14:32:39',0),(100257,'vqggqe','111','',100,10000,'2014-01-21 14:32:39',0),(100258,'casdffa','1','',100,10000,'2014-01-21 14:32:39',0),(100259,'qrqwe','1','',100,10000,'2014-01-21 14:32:39',0),(100260,'bafqe','11','',100,10000,'2014-01-21 14:32:39',0),(100261,'bsagh','1','',100,10000,'2014-01-21 14:32:39',0),(100262,'bwrq53','11','',100,10000,'2014-01-21 14:32:39',0),(100263,'bsafe1','11','',100,10000,'2014-01-21 14:32:39',0),(100264,'jqtrwer','1','',100,10000,'2014-01-21 14:32:39',0),(100265,'egewrq','1','',100,10000,'2014-01-21 14:32:39',0),(100266,'bqewr','1','',100,10000,'2014-01-21 14:32:39',0),(100267,'gqeqw13','1','',100,10000,'2014-01-21 14:32:39',0),(100268,'gwqrwq','11','',100,10000,'2014-01-21 14:32:39',0),(100269,'bqreqwe1','1','',100,10000,'2014-01-21 14:32:39',0),(100270,'qedqw12','11','',100,10000,'2014-01-21 14:32:39',0),(100271,'sadqer','11','',100,10000,'2014-01-21 14:32:39',0),(100272,'yqtqtq1','1','',100,10000,'2014-01-21 14:32:39',0),(100273,'fwqerq3','1','',100,10000,'2014-01-21 14:32:39',0),(100274,'dwqrqe','1','',100,10000,'2014-01-21 14:32:39',0),(100275,'wrqwr','1','',100,10000,'2014-01-21 14:32:39',0),(100276,'gqweqw','11','',100,10000,'2014-01-21 14:32:39',0),(100277,'gwetqr','1','',100,10000,'2014-01-21 14:32:39',0),(100278,'bsafqe','11','',100,10000,'2014-01-21 14:32:39',0),(100279,'dqwrgqe','1','',100,10000,'2014-01-21 14:32:39',0),(100280,'vasdgqe','1','',100,10000,'2014-01-21 14:32:39',0),(100281,'vsafgrq','1','',100,10000,'2014-01-21 14:32:39',0),(100282,'gwqer','1','',100,10000,'2014-01-21 14:32:39',0),(100283,'fewqr','1','',100,10000,'2014-01-21 14:32:39',0),(100284,'hretwr','1','',100,10000,'2014-01-21 14:32:39',0),(100285,'yqrwer','1','',100,10000,'2014-01-21 14:32:39',0),(100286,'vqweeq','1','',100,10000,'2014-01-21 14:32:39',0),(100287,'tqewr','1','',100,10000,'2014-01-21 14:32:39',0),(100288,'fsadwe1','1','',100,10000,'2014-01-21 14:32:39',0),(100289,'sjsjnsq','111','',100,10000,'2014-01-21 14:32:39',0),(100290,'dvefawc','1','',100,10000,'2014-01-21 14:32:39',0),(100291,'fhgfdfuh','11','',100,10000,'2014-01-21 14:32:39',0),(100292,'hsjsjw','111','',100,10000,'2014-01-21 14:32:39',0),(100293,'tygfdsr','11','',100,10000,'2014-01-21 14:32:39',0),(100294,'vsafsda','11','',100,10000,'2014-01-21 14:32:39',0),(100295,'kqopoq','11','',100,10000,'2014-01-21 14:32:39',0),(100296,'klpwkks','11','',100,10000,'2014-01-21 14:32:39',0),(100297,'wfwvbytn','11','',100,10000,'2014-01-21 14:32:39',0),(100298,'wfeffd','11','',100,10000,'2014-01-21 14:32:39',0),(100299,'yuhhu','g','',100,10000,'2014-01-21 14:32:39',0),(100300,'qqqqq','11','',100,10000,'2014-01-21 14:32:39',0),(100301,'csadadda','1','',100,10000,'2014-01-21 14:32:39',0),(100302,'ygxrry','11','',100,10000,'2014-01-21 14:32:39',0),(100303,'kwkama','11','',100,10000,'2014-01-21 14:32:39',0),(100304,'ffxrtg','111','',100,10000,'2014-01-21 14:32:39',0),(100305,'tttfdd','11','',100,10000,'2014-01-21 14:32:39',0),(100306,'efwqrqe','11','',100,10000,'2014-01-21 14:32:39',0),(100307,'gqeqwe','111','',100,10000,'2014-01-21 14:32:39',0),(100308,'ouojhlj','11','',100,10000,'2014-01-21 14:32:39',0),(100309,'123qweqq','11','',100,10000,'2014-01-21 14:32:39',0),(100310,'oijuoiu','111','',100,10000,'2014-01-21 14:32:39',0),(100311,'vasrqwe','1','',100,10000,'2014-01-21 14:32:39',0),(100312,'tqerwq','11','',100,10000,'2014-01-21 14:32:39',0),(100313,'qwefqe','11','',100,10000,'2014-01-21 14:32:39',0),(100314,'rqweqew','11','',100,10000,'2014-01-21 14:32:39',0),(100315,'iiiiii','111','',100,10000,'2014-01-21 14:32:39',0),(100316,'tttttt','111','',100,10000,'2014-01-21 14:32:39',0),(100317,'ggggtg','11','',100,10000,'2014-01-21 14:32:39',0),(100318,'qasszw','111','',100,10000,'2014-01-21 14:32:39',0),(100319,'gwqerw','11','',100,10000,'2014-01-21 14:32:39',0),(100320,'oohffy','111','',100,10000,'2014-01-21 14:32:39',0),(100321,'skwjs','111','',100,10000,'2014-01-21 14:32:39',0),(100322,'vasdafe3','111','',100,10000,'2014-01-21 14:32:39',0),(100323,'vasdaf','11','',100,10000,'2014-01-21 14:32:39',0),(100324,'tyqrqwe','11','',100,10000,'2014-01-21 14:32:39',0),(100325,'t3244','11','',100,10000,'2014-01-21 14:32:39',0),(100326,'bsafr1','11','',100,10000,'2014-01-21 14:32:39',0),(100327,'ktyurtu','11','',100,10000,'2014-01-21 14:32:39',0),(100328,'bagqrqe','11','',100,10000,'2014-01-21 14:32:39',0),(100329,'gwqrqwe','11','',100,10000,'2014-01-21 14:32:39',0),(100330,'dhshdh','11','',100,10000,'2014-01-21 14:32:39',0),(100331,'hwrqrqe','11','',100,10000,'2014-01-21 14:32:39',0),(100332,'bqgherqe','11','',100,10000,'2014-01-21 14:32:39',0),(100333,'hreqtwr','11','',100,10000,'2014-01-21 14:32:39',0),(100334,'Rgqwee','11','',100,10000,'2014-01-21 14:32:39',0),(100335,'hoiujh','11','',100,10000,'2014-01-21 14:32:39',0),(100336,'jrtyetye','11','',100,10000,'2014-01-21 14:32:39',0),(100337,'nijoiu','11','',100,10000,'2014-01-21 14:32:39',0),(100338,'bwrweqr','11','',100,10000,'2014-01-21 14:32:39',0),(100339,'gqewqrt','11','',100,10000,'2014-01-21 14:32:39',0),(100340,'hgeqrq','11','',100,10000,'2014-01-21 14:32:39',0),(100341,'hwrqrq','11','',100,10000,'2014-01-21 14:32:39',0),(100342,'vadsad','11','',100,10000,'2014-01-21 14:32:39',0),(100343,'myuetyre','11','',100,10000,'2014-01-21 14:32:39',0),(100344,'hqerew','11','',100,10000,'2014-01-21 14:32:39',0),(100345,'vadsaf','11','',100,10000,'2014-01-21 14:32:39',0),(100346,'bqwgqr','11','',100,10000,'2014-01-21 14:32:39',0),(100347,'vqgwerq','11','',100,10000,'2014-01-21 14:32:39',0),(100348,'bqwtqwer','11','',100,10000,'2014-01-21 14:32:39',0),(100349,'juqwrwe','11','',100,10000,'2014-01-21 14:32:39',0),(100350,'jryrty','11','',100,10000,'2014-01-21 14:32:39',0),(100351,'oioioj','11','',100,10000,'2014-01-21 14:32:39',0),(100352,'jettr','11','',100,10000,'2014-01-21 14:32:39',0),(100353,'csaqfgq','11','',100,10000,'2014-01-21 14:32:39',0),(100354,'kerytry','11','',100,10000,'2014-01-21 14:32:39',0),(100355,'bqgteq','1','',100,10000,'2014-01-21 14:32:39',0),(100356,'subwgzu','11','',100,10000,'2014-01-21 14:32:39',0),(100357,'whjewtge','11','',100,10000,'2014-01-21 14:32:39',0),(100358,'bqwrew','11','',100,10000,'2014-01-21 14:32:39',0),(100359,'urytret','11','',100,10000,'2014-01-21 14:32:39',0),(100360,'jwtert','11','',100,10000,'2014-01-21 14:32:39',0),(100361,'bwqrqewq','11','',100,10000,'2014-01-21 14:32:39',0),(100362,'gwqrwe','11','',100,10000,'2014-01-21 14:32:39',0),(100363,'gqrwerew','11','',100,10000,'2014-01-21 14:32:39',0),(100364,'gwqrewr','11','',100,10000,'2014-01-21 14:32:39',0),(100365,'hqrewrw','11','',100,10000,'2014-01-21 14:32:39',0),(100366,'tweqw','11','',100,10000,'2014-01-21 14:32:39',0),(100367,'hwrwerw','11','',100,10000,'2014-01-21 14:32:39',0),(100368,'gwqre','11','',100,10000,'2014-01-21 14:32:39',0),(100369,'hqwreqwr','11','',100,10000,'2014-01-21 14:32:39',0),(100370,'hwrwer','11','',100,10000,'2014-01-21 14:32:39',0),(100371,'rtyuey','11','',100,10000,'2014-01-21 14:32:39',0),(100372,'vasad','11','',100,10000,'2014-01-21 14:32:39',0),(100373,'bwrewqrw','11','',100,10000,'2014-01-21 14:32:39',0),(100374,'jwjxs','11','',100,10000,'2014-01-21 14:32:39',0),(100375,'fqwewq','11','',100,10000,'2014-01-21 14:32:39',0),(100376,'tqwfdsf','11','',100,10000,'2014-01-21 14:32:39',0),(100377,'bqwrewr','11','',100,10000,'2014-01-21 14:32:39',0),(100378,'itityui','11','',100,10000,'2014-01-21 14:32:39',0),(100379,'shsgsg','11','',100,10000,'2014-01-21 14:32:39',0),(100380,'ndjsjs','11','',100,10000,'2014-01-21 14:32:39',0),(100381,'xowks','11','',100,10000,'2014-01-21 14:32:39',0),(100382,'axwxdx','111','',100,10000,'2014-01-21 14:32:39',0),(100383,'scwfff','111','',100,10000,'2014-01-21 14:32:39',0),(100384,'gftygg','11','',100,10000,'2014-01-21 14:32:39',0),(100385,'dwssss','111','',100,10000,'2014-01-21 14:32:39',0),(100386,'ewsws','11','',100,10000,'2014-01-21 14:32:39',0),(100387,'uwtret','11','',100,10000,'2014-01-21 14:32:39',0),(100388,'Tnwet','11','',100,10000,'2014-01-21 14:32:39',0),(100389,'bwqgqwer','11','',100,10000,'2014-01-21 14:32:39',0),(100390,'ewrghw','11','',100,10000,'2014-01-21 14:32:39',0),(100391,'rwwqe','11','',100,10000,'2014-01-21 14:32:39',0),(100392,'gqwrew','11','',100,10000,'2014-01-21 14:32:39',0),(100393,'jtryrty','11','',100,10000,'2014-01-21 14:32:39',0),(100394,'hwerwe','11','',100,10000,'2014-01-21 14:32:39',0),(100395,'jryyte','11','',100,10000,'2014-01-21 14:32:39',0),(100396,'vqewqef','11','',100,10000,'2014-01-21 14:32:39',0),(100397,'vdsaqwe','11','',100,10000,'2014-01-21 14:32:39',0),(100398,'sdddj','11','',100,10000,'2014-01-21 14:32:39',0),(100399,'skdkwjs','11','',100,10000,'2014-01-21 14:32:39',0),(100400,'dkwksok','11','',100,10000,'2014-01-21 14:32:39',0),(100401,'uhvfttf','11','',100,10000,'2014-01-21 14:32:39',0),(100402,'lktutyu','11','',100,10000,'2014-01-21 14:32:39',0),(100403,'dixjwhbbs','11','',100,10000,'2014-01-21 14:32:39',0),(100404,'dxgjjv','11','',100,10000,'2014-01-21 14:32:39',0),(100405,'dizjwjw','11','',100,10000,'2014-01-21 14:32:39',0),(100406,'susbhwn','11','',100,10000,'2014-01-21 14:32:39',0),(100407,'fexeed','111','',100,10000,'2014-01-21 14:32:39',0),(100408,'vqwqef','11','',100,10000,'2014-01-21 14:32:39',0),(100409,'zjzjwka','11','',100,10000,'2014-01-21 14:32:39',0),(100410,'gqwerqw','11','',100,10000,'2014-01-21 14:32:39',0),(100411,'gdddyhb','11','',100,10000,'2014-01-21 14:32:39',0),(100412,'sjsjwmz','11','',100,10000,'2014-01-21 14:32:39',0),(100413,'dcstg','111','',100,10000,'2014-01-21 14:32:39',0),(100414,'qkskms','11','',100,10000,'2014-01-21 14:32:39',0),(100415,'djxjsks','11','',100,10000,'2014-01-21 14:32:39',0),(100416,'djsnwk','11','',100,10000,'2014-01-21 14:32:39',0),(100417,'sughwgz','11','',100,10000,'2014-01-21 14:32:39',0),(100418,'sadasf','11','',100,10000,'2014-01-21 14:32:39',0),(100419,'basfqe','11','',100,10000,'2014-01-21 14:32:39',0),(100420,'skska','11','',100,10000,'2014-01-21 14:32:39',0),(100421,'bagqrwe','11','',100,10000,'2014-01-21 14:32:39',0),(100422,'hewrtew','11','',100,10000,'2014-01-21 14:32:39',0),(100423,'kyutywde','11','',100,10000,'2014-01-21 14:32:39',0),(100424,'dnzjwn','11','',100,10000,'2014-01-21 14:32:39',0),(100425,'fnmwge','11','',100,10000,'2014-01-21 14:32:39',0),(100426,'wksjw','111','',100,10000,'2014-01-21 14:32:39',0),(100427,'gqrewr','11','',100,10000,'2014-01-21 14:32:39',0),(100428,'gqwerrr','11','',100,10000,'2014-01-21 14:32:39',0),(100429,'bqrqwt','11','',100,10000,'2014-01-21 14:32:39',0),(100430,'hgrwwet','11','',100,10000,'2014-01-21 14:32:39',0),(100431,'gwetyq','11','',100,10000,'2014-01-21 14:32:39',0),(100432,'bagtwr','11','',100,10000,'2014-01-21 14:32:39',0),(100433,'fqwgtq','11','',100,10000,'2014-01-21 14:32:39',0),(100434,'hetywew','11','',100,10000,'2014-01-21 14:32:39',0),(100435,'gqgregg','11','',100,10000,'2014-01-21 14:32:39',0),(100436,'vqwrq','11','',100,10000,'2014-01-21 14:32:39',0),(100437,'vasdgq','11','',100,10000,'2014-01-21 14:32:39',0),(100438,'gqwerrwe','11','',100,10000,'2014-01-21 14:32:39',0),(100439,'bsdafqwe','11','',100,10000,'2014-01-21 14:32:39',0),(100440,'vfqewqd','11','',100,10000,'2014-01-21 14:32:39',0),(100441,'hqyrtee','11','',100,10000,'2014-01-21 14:32:39',0),(100442,'bqwtewr','11','',100,10000,'2014-01-21 14:32:39',0),(100443,'gvfguvh','111','',100,10000,'2014-01-21 14:32:39',0),(100444,'Rgqqwe','11','',100,10000,'2014-01-21 14:32:39',0),(100445,'jertyrey','111','',100,10000,'2014-01-21 14:32:39',0),(100446,'basdfdsg','11','',100,10000,'2014-01-21 14:32:39',0),(100447,'qweqwrw','11','',100,10000,'2014-01-21 14:32:39',0),(100448,'fqweqw','111','',100,10000,'2014-01-21 14:32:39',0),(100449,'asfaeqw','11','',100,10000,'2014-01-21 14:32:39',0),(100450,'ndsgfgf','111','',100,10000,'2014-01-21 14:32:39',0),(100451,'gewrwe','111','',100,10000,'2014-01-21 14:32:39',0),(100452,'tyjtdfg','11','',100,10000,'2014-01-21 14:32:39',0),(100453,'jsjdjw','111','',100,10000,'2014-01-21 14:32:39',0),(100454,'gdsfrw','11','',100,10000,'2014-01-21 14:32:39',0),(100455,'bafdsaer','11','',100,10000,'2014-01-21 14:32:39',0),(100456,'gwerwqe','11','',100,10000,'2014-01-21 14:32:39',0),(100457,'vsdgqrew','11','',100,10000,'2014-01-21 14:32:39',0),(100458,'bsadfw','11','',100,10000,'2014-01-21 14:32:39',0),(100459,'vdsagsa','11','',100,10000,'2014-01-21 14:32:39',0),(100460,'gweqrwe','11','',100,10000,'2014-01-21 14:32:39',0),(100461,'rksks','11','',100,10000,'2014-01-21 14:32:39',0),(100462,'rmzkw','11','',100,10000,'2014-01-21 14:32:39',0),(100463,'wqeqwr','11','',100,10000,'2014-01-21 14:32:39',0),(100464,'geqwrewq','11','',100,10000,'2014-01-21 14:32:39',0),(100465,'sjskw','11','',100,10000,'2014-01-21 14:32:39',0),(100466,'grwrew','11','',100,10000,'2014-01-21 14:32:39',0),(100467,'vdsafq','11','',100,10000,'2014-01-21 14:32:39',0),(100468,'vdsafsa','11','',100,10000,'2014-01-21 14:32:39',0),(100469,'skskw','11','',100,10000,'2014-01-21 14:32:39',0),(100470,'vwerwe','11','',100,10000,'2014-01-21 14:32:39',0),(100471,'aqgfqd','11','',100,10000,'2014-01-21 14:32:39',0),(100472,'fqwrq','11','',100,10000,'2014-01-21 14:32:39',0),(100473,'ngfgdg','11','',100,10000,'2014-01-21 14:32:39',0),(100474,'qwteqw','11','',100,10000,'2014-01-21 14:32:39',0),(100475,'fqeqwe','11','',100,10000,'2014-01-21 14:32:39',0),(100476,'vweewqq','11','',100,10000,'2014-01-21 14:32:39',0),(100477,'cadqdqd','111','',100,10000,'2014-01-21 14:32:39',0),(100478,'gwqetewq','111','',100,10000,'2014-01-21 14:32:39',0),(100479,'jttret','111','',100,10000,'2014-01-21 14:32:39',0),(100485,'sjjsj','1111','',100,10100,'2014-01-21 14:32:39',0),(100486,'jrtyrty','111','',100,10000,'2014-01-21 14:32:39',0),(100487,'bsagw','111','',100,10000,'2014-01-21 14:32:39',0),(100488,'regqew','111','',100,10000,'2014-01-21 14:32:39',0),(100489,'ytutrer','111','',100,10000,'2014-01-21 14:32:39',0),(100490,'gqrwerwq','111','',100,10000,'2014-01-21 14:32:39',0),(100491,'bewrqe','111','',100,10000,'2014-01-21 14:32:39',0),(100492,'hertwr','111','',100,10000,'2014-01-21 14:32:39',0),(100493,'htrwhw','111','',100,10000,'2014-01-21 14:32:39',0),(100494,'ktyuytr','111','',100,10000,'2014-01-21 14:32:39',0),(100495,'jerteh','111','',100,10000,'2014-01-21 14:32:39',0),(100496,'ewvwef','11','',100,10000,'2014-01-21 14:32:39',0),(100497,'ewrewf','11','',100,10000,'2014-01-21 14:32:39',0),(100498,'bdsfsdf','111','',100,10000,'2014-01-21 14:32:39',0),(100499,'gqrqerq','111','',100,10000,'2014-01-21 14:32:39',0),(100500,'三下乡','111','',100,10100,'2014-01-21 14:32:39',0),(100501,'huoyh','111','',100,10000,'2014-01-21 14:32:39',0),(100502,'bqetrw','111','',100,10000,'2014-01-21 14:32:39',0),(100503,'fqgqe','11','',100,10000,'2014-01-21 14:32:39',0),(100504,'ghqfq','111','',100,10000,'2014-01-21 14:32:39',0),(100505,'jtwrtrw','111','',100,10000,'2014-01-21 14:32:39',0),(100506,'vqwqwe','111','',100,10000,'2014-01-21 14:32:39',0),(100507,'vagqwe','11','',100,10000,'2014-01-21 14:32:39',0),(100508,'fqgqwer','111','',100,10000,'2014-01-21 14:32:39',0),(100509,'hewtrwe','111','',100,10000,'2014-01-21 14:32:39',0),(100510,'ewtqr','111','',100,10000,'2014-01-21 14:32:39',0),(100511,'tqewqfd','111','',100,10000,'2014-01-21 14:32:39',0),(100512,'hqwrwe','111','',100,10000,'2014-01-21 14:32:39',0),(100513,'sjsjwk','111','',100,10000,'2014-01-21 14:32:39',0),(100514,'wqeqwe','111','',100,10000,'2014-01-21 14:32:39',0),(100515,'rkyukhj','111','',100,10000,'2014-01-21 14:32:39',0),(100516,'wrwfdwsf','111','',100,10000,'2014-01-21 14:32:39',0),(100517,'trytrjr','111','',100,10000,'2014-01-21 14:32:39',0),(100518,'betwrw','111','',100,10000,'2014-01-21 14:32:39',0),(100519,'fewgewg','111','',100,10000,'2014-01-21 14:32:39',0),(100520,'bwerewr','111','',100,10000,'2014-01-21 14:32:39',0),(100521,'dfbwgwe','111','',100,10000,'2014-01-21 14:32:39',0),(100522,'trjurjr','1111','',100,10000,'2014-01-21 14:32:39',0),(100523,'jsjjjw','111','',100,10000,'2014-01-21 14:32:39',0),(100524,'wjsjs','111','',100,10100,'2014-01-21 14:32:39',0),(100525,'alllkkqm','111','',100,10000,'2014-01-21 14:32:39',0),(100526,'ekskksmw','111','',100,10000,'2014-01-21 14:32:39',0),(100527,'fsggcg','111','',100,10000,'2014-01-21 14:32:39',0),(100528,'dkkaks','111','',100,10100,'2014-01-21 14:32:39',0),(100529,'xjsjsn','111','',100,10000,'2014-01-21 14:32:39',0),(100530,'dndjsn','111','',100,10000,'2014-01-21 14:32:39',0),(100531,'dnjkak','111','',100,10300,'2014-01-21 14:32:39',0),(100532,'gqehyqer','111','',100,10000,'2014-01-21 14:32:39',0),(100533,'nwrewfew','111','',100,10000,'2014-01-21 14:32:39',0),(100534,'hreqhger','111','',100,10000,'2014-01-21 14:32:39',0),(100535,'jertwe','111','',100,10000,'2014-01-21 14:32:39',0),(100536,'sksjnw','111','',100,10000,'2014-01-21 14:32:39',0),(100537,'hreerhh','111','',100,10000,'2014-01-21 14:32:39',0),(100538,'jsjnxns','111','',100,10100,'2014-01-21 14:32:39',0),(100539,'bafwef','111','',100,10000,'2014-01-21 14:32:39',0),(100540,'bewffsd','1111','',100,10000,'2014-01-21 14:32:39',0),(100541,'jytjtfj','111','',100,10000,'2014-01-21 14:32:39',0),(100542,'bebds','111','',100,10000,'2014-01-21 14:32:39',0),(100543,'bagfsd','111','',100,10000,'2014-01-21 14:32:39',0),(100544,'jttergfd','1111','',100,10000,'2014-01-21 14:32:39',0),(100545,'qwfewfd','111','',100,10000,'2014-01-21 14:32:39',0),(100546,'bwrfdsbs','111','',100,10000,'2014-01-21 14:32:39',0),(100547,'bqerwqf','111','',100,10000,'2014-01-21 14:32:39',0),(100548,'gqdsfgg','111','',100,10000,'2014-01-21 14:32:39',0),(100549,'hesvsf','111','',100,10000,'2014-01-21 14:32:39',0),(100550,'sjsnkw','1111','',100,10000,'2014-01-21 14:32:39',0),(100551,'bfdbfdbc','111','',100,10000,'2014-01-21 14:32:39',0),(100552,'djjsj','11','',100,10000,'2014-01-21 14:32:39',0),(100553,'skskkw','111','',100,10000,'2014-01-21 14:32:39',0),(100554,'djsjsjw','111','',100,10100,'2014-01-21 14:32:39',0),(100555,'dydhwg','111','',100,10400,'2014-01-21 14:32:39',0),(100556,'djxjs','111','',100,11300,'2014-01-21 14:32:39',0),(100557,'Rbfdha','111','',100,10000,'2014-01-21 14:32:39',0),(100558,'bafdsf','111','',100,10000,'2014-01-21 14:32:39',0),(100559,'skskwk','111','',100,10000,'2014-01-21 14:32:39',0),(100560,'hwehdfb','111','',100,10000,'2014-01-21 14:32:39',0),(100561,'mhfgf','111','',100,10000,'2014-01-21 14:32:39',0),(100562,'sjzjw','11','',100,10000,'2014-01-21 14:32:39',0),(100563,'hrthrgthg','111','',100,10000,'2014-01-21 14:32:39',0),(100564,'ahhhha','111','',100,10000,'2014-01-21 14:32:39',0),(100565,'gregesgfd','1111','',100,10000,'2014-01-21 14:32:39',0),(100566,'erhergdf','1111','',100,10000,'2014-01-21 14:32:39',0),(100567,'fewfwgsa','1111','',100,10000,'2014-01-21 14:32:39',0),(100568,'fwffsdfv','1111','',100,10100,'2014-01-21 14:32:39',0),(100569,'wgwfwe','1111','',100,10000,'2014-01-21 14:32:39',0),(100570,'kyukghjk','1111','',100,10200,'2014-01-21 14:32:39',0),(100571,'test115','111111','',100,10000,'2014-01-21 14:32:39',0),(100572,'fdsfdsga','1111','',100,10399,'2014-01-21 14:32:39',0),(100573,'test1019','111111','',100,10000,'2014-01-21 14:32:39',0),(100574,'sjjjwd','111111','',100,10000,'2014-01-21 14:32:39',0),(100575,'testppoi','111111','',100,10000,'2014-01-21 14:32:39',0),(100576,'akzkq','11111','',100,10000,'2014-01-21 14:32:39',0),(100577,'testoool','111111','',100,10000,'2014-01-21 14:32:39',0),(100578,'sjxjksf','111111','',100,10000,'2014-01-21 14:32:39',0),(100579,'akzjnw','1111','',100,10000,'2014-01-21 14:32:39',0),(100580,'qozjjw','11111','',100,10000,'2014-01-21 14:32:39',0),(100581,'fhdfhgf','111111','',100,10000,'2014-01-21 14:32:39',0),(100582,'hhkvvu','111111','',100,10000,'2014-01-21 14:32:39',0),(100583,'ggnhhy','111111','',100,10000,'2014-01-21 14:32:39',0),(100584,'soknsd','1111','',100,10000,'2014-01-21 14:32:39',0),(100585,'xkwlxc','1111','',100,10000,'2014-01-21 14:32:39',0),(100586,'qksmfr','1111','',100,10000,'2014-01-21 14:32:39',0),(100587,'vggyhhfg','1','',100,10000,'2014-01-21 14:32:39',0),(100588,'sjxjwkc','111','',100,10000,'2014-01-21 14:32:39',0),(100589,'wsnkwkd','111','',100,10000,'2014-01-21 14:32:39',0),(100590,'testlll','1111','',100,10000,'2014-01-21 14:32:39',0),(100591,'testpp','1111','',100,10000,'2014-01-21 14:32:39',0),(100592,'sjxjwf','1111','',100,10000,'2014-01-21 14:32:39',0),(100593,'wjjdd','111','',100,10000,'2014-01-21 14:32:39',0),(100594,'akxjwc','111','',100,10000,'2014-01-21 14:32:39',0),(100595,'efxksk','1111','',100,10000,'2014-01-21 14:32:39',0),(100596,'skkjqdf','1111','',100,10000,'2014-01-21 14:32:39',0),(100597,'skzkjxd','1111','',100,10000,'2014-01-21 14:32:39',0),(100598,'kakjxjce','1111','',100,10000,'2014-01-21 14:32:39',0),(100599,'sjxjjfee','1111','',100,10000,'2014-01-21 14:32:39',0),(100600,'wkndncr','1111','',100,10000,'2014-01-21 14:32:39',0),(100601,'sjnxjw','1111','',100,10000,'2014-01-21 14:32:39',0),(100602,'ajzjnf','1111','',100,10000,'2014-01-21 14:32:39',0),(100603,'zmkxksd','1111','',100,10000,'2014-01-21 14:32:39',0),(100604,'hfddygdf','1111','',100,10000,'2014-01-21 14:32:39',0),(100605,'akjnzw','1111','',100,10000,'2014-01-21 14:32:39',0),(100606,'adrydduh','1111','',100,10000,'2014-01-21 14:32:39',0),(100607,'xdyhxghj','1111','',100,10000,'2014-01-21 14:32:39',0),(100608,'sszftsxh','1111','',100,10000,'2014-01-21 14:32:39',0),(100609,'ajhskx','1111','',100,10000,'2014-01-21 14:32:39',0),(100610,'dfxtghh','1111','',100,10000,'2014-01-21 14:32:39',0),(100611,'amndef','1111','',100,10000,'2014-01-21 14:32:39',0),(100612,'skksddw','1111','',100,10000,'2014-01-21 14:32:39',0),(100613,'dfuhxf','1111','',100,10000,'2014-01-21 14:32:39',0),(100614,'ssexdaa','1111','',100,10000,'2014-01-21 14:32:39',0),(100615,'akxknekd','1111','',100,10000,'2014-01-21 14:32:39',0),(100616,'xfghvcgy','1111','',100,10000,'2014-01-21 14:32:39',0),(100617,'skkjss','1111','',100,10000,'2014-01-21 14:32:39',0),(100618,'wkjjsdx','1111','',100,10000,'2014-01-21 14:32:39',0),(100619,'akzjuedd','1111','',100,10000,'2014-01-21 14:32:39',0),(100620,'jxjjejf','1111','',100,10000,'2014-01-21 14:32:39',0),(100621,'dshhhwz','1111','',100,10000,'2014-01-21 14:32:39',0),(100622,'sjhhdd','1111','',100,10000,'2014-01-21 14:32:39',0),(100623,'xtbcdhj','1111','',100,10000,'2014-01-21 14:32:39',0),(100624,'ajjjxe','1111','',100,10000,'2014-01-21 14:32:39',0),(100625,'akjjdwx','1111','',100,10000,'2014-01-21 14:32:39',0),(100626,'sjjoakd','1111','',100,10000,'2014-01-21 14:32:39',0),(100627,'skkkkaz','1111','',100,10000,'2014-01-21 14:32:39',0),(100628,'sjjzjdd','1111','',100,10000,'2014-01-21 14:32:39',0),(100629,'akzjjce','1111','',100,10000,'2014-01-21 14:32:39',0),(100630,'skkakff','1111','',100,10000,'2014-01-21 14:32:39',0),(100631,'ajdhjwf','1111','',100,10000,'2014-01-21 14:32:39',0),(100632,'skjjjsf','1111','',100,10000,'2014-01-21 14:32:39',0),(100633,'zdfgvfyh','1111','',100,10000,'2014-01-21 14:32:39',0),(100634,'dyhxfgv','1111','',100,10000,'2014-01-21 14:32:39',0),(100635,'sxdwsdgt','1111','',100,10000,'2014-01-21 14:32:39',0),(100636,'dfhdthvhh','1111','',100,10000,'2014-01-21 14:32:39',0),(100637,'fsdf','111','',100,10000,'2014-01-21 14:32:39',0),(100638,'rwgff','11','',100,10000,'2014-01-21 14:32:39',0),(100639,'brgferff','111','',100,10000,'2014-01-21 14:32:39',0),(100640,'fwefewg','1111','',100,10000,'2014-01-21 14:32:39',0),(100641,'bvdfvdfh','1111','',100,10000,'2014-01-21 14:32:39',0),(100642,'ntrhthsfg','1111','',100,10000,'2014-01-21 14:32:39',0),(100643,'gcghfred','1111','',100,10000,'2014-01-21 14:32:39',0),(100644,'fwegen','1111','',100,10000,'2014-01-21 14:32:39',0),(100645,'fewfwebn','1111','',100,10000,'2014-01-21 14:32:39',0),(100646,'fewfnghj','1111','',100,10000,'2014-01-21 14:32:39',0),(100647,'vdsvdndf','1111','',100,10000,'2014-01-21 14:32:39',0),(100648,'vrgregnm','1111','',100,10000,'2014-01-21 14:32:39',0),(100649,'vwefewh','1111','',100,10000,'2014-01-21 14:32:39',0),(100650,'fewfewbm','1111','',100,10000,'2014-01-21 14:32:39',0),(100651,'skxjdff','1111','',100,10000,'2014-01-21 14:32:39',0),(100652,'zmmsmx','1111','',100,10000,'2014-01-21 14:32:39',0),(100653,'sokkdd','1111','',100,10100,'2014-01-21 14:32:39',0),(100654,'ddnsjx','1111','',100,10000,'2014-01-21 14:32:39',0),(100655,'gregren','1111','',100,10100,'2014-01-21 14:32:39',0),(100656,'greergj','1111','',100,10000,'2014-01-21 14:32:39',0),(100657,'Grgerjm','1111','',100,10100,'2014-01-21 14:32:39',0),(100658,'vewfen','1111','',100,10000,'2014-01-21 14:32:39',0),(100659,'fefewngg','1111','',100,10100,'2014-01-21 14:32:39',0),(100660,'fewfewnm','1111','',100,10000,'2014-01-21 14:32:39',0),(100661,'fwefwebn','1111','',100,10200,'2014-01-21 14:32:39',0),(100662,'vewfghng','1111','',100,10000,'2014-01-21 14:32:39',0),(100663,'zjznnd','1111','',100,10000,'2014-01-21 14:32:39',0),(100664,'fewfewnbc','111111','',100,10500,'2014-01-21 14:32:39',0),(100665,'smnksd','1111','',100,10000,'2014-01-21 14:32:39',0),(100666,'sjjjdd','1111','',100,10000,'2014-01-21 14:32:39',0),(100667,'skokssx','1111','',100,10000,'2014-01-21 14:32:39',0),(100668,'skxjkakx','1111','',100,10000,'2014-01-21 14:32:39',0),(100669,'rcecsss','1111','',100,10000,'2014-01-21 14:32:39',0),(100670,'Grgfewf','1111','',100,10100,'2014-01-21 14:32:39',0),(100671,'vwedewb','11111','',100,10000,'2014-01-21 14:32:39',0),(100672,'fdsfdsb','1111','',100,10000,'2014-01-21 14:32:39',0),(100673,'Tfewfb','1111','',100,10000,'2014-01-21 14:32:39',0);

/*Table structure for table `player_fight` */

DROP TABLE IF EXISTS `player_fight`;

CREATE TABLE `player_fight` (
  `pid` int(20) NOT NULL COMMENT '角色id  角色宠物(英雄)出战列表',
  `fightpet` varchar(500) COLLATE utf8_unicode_ci DEFAULT '[]' COMMENT '{宠物位置：player_pet表主键id,宠物位置：player_pet表主键id}',
  PRIMARY KEY (`pid`)
) ENGINE=InnoDB DEFAULT CHARSET=utf8 COLLATE=utf8_unicode_ci;

/*Data for the table `player_fight` */

insert  into `player_fight`(`pid`,`fightpet`) values (100001,'{1:20000,2:20011,3:20012,4:0}'),(100038,'{1:20025,2:0,3:0,4:0}'),(100039,'{1:20026,2:0,3:0,4:0}'),(100040,'{1:20027,2:0,3:0,4:0}'),(100041,'{1:20028,2:0,3:0,4:0}'),(100042,'{1:20029,2:0,3:0,4:0}'),(100043,'{1:20030,2:0,3:0,4:0}'),(100044,'{1:20031,2:0,3:0,4:0}'),(100045,'{1:20032,2:0,3:0,4:0}'),(100046,'{1:20033,2:0,3:0,4:0}'),(100047,'{1:20034,2:0,3:0,4:0}'),(100048,'{1:20035,2:0,3:0,4:0}'),(100049,'{1:20036,2:0,3:0,4:0}'),(100050,'{1:20037,2:0,3:0,4:0}'),(100051,'{1:20038,2:0,3:0,4:0}'),(100052,'{1:20039,2:0,3:0,4:0}'),(100053,'{1:20040,2:0,3:0,4:0}'),(100054,'{1:20041,2:0,3:0,4:0}'),(100055,'{1:20042,2:0,3:0,4:0}'),(100056,'{1:20043,2:0,3:0,4:0}'),(100057,'{1:20044,2:0,3:0,4:0}'),(100058,'{1:20045,2:0,3:0,4:0}'),(100059,'{1:20046,2:0,3:0,4:0}'),(100060,'{1:20047,2:0,3:0,4:0}'),(100061,'{1:20048,2:0,3:0,4:0}'),(100062,'{1:20049,2:0,3:0,4:0}'),(100063,'{1:20050,2:0,3:0,4:0}'),(100064,'{1:20051,2:0,3:0,4:0}'),(100065,'{1:20052,2:0,3:0,4:0}'),(100066,'{1:20053,2:0,3:0,4:0}'),(100067,'{1:20054,2:0,3:0,4:0}'),(100068,'{1:20055,2:0,3:0,4:0}'),(100069,'{1:20056,2:0,3:0,4:0}'),(100070,'{1:20057,2:0,3:0,4:0}'),(100071,'{1:20058,2:0,3:0,4:0}'),(100072,'{1:20059,2:0,3:0,4:0}'),(100073,'{1:20060,2:0,3:0,4:0}'),(100074,'{1:20063,2:0,3:0,4:0}'),(100075,'{1:20064,2:0,3:0,4:0}'),(100076,'{1:20065,2:0,3:0,4:0}'),(100077,'{1:20066,2:0,3:0,4:0}'),(100078,'{1:20067,2:0,3:0,4:0}'),(100079,'{1:20068,2:0,3:0,4:0}'),(100080,'{1:20069,2:0,3:0,4:0}'),(100081,'{1:20070,2:0,3:0,4:0}'),(100082,'{1:20071,2:0,3:0,4:0}'),(100083,'{1:20072,2:0,3:0,4:0}'),(100084,'{1:20073,2:0,3:0,4:0}'),(100085,'{1:20074,2:0,3:0,4:0}'),(100086,'{1:20075,2:0,3:0,4:0}'),(100087,'{1:20076,2:0,3:0,4:0}'),(100088,'{1:20079,2:0,3:0,4:0}'),(100089,'{1:20080,2:0,3:0,4:0}'),(100090,'{1:20081,2:0,3:0,4:0}'),(100091,'{1:20082,2:0,3:0,4:0}'),(100092,'{1:20083,2:0,3:0,4:0}'),(100093,'{1:20084,2:0,3:0,4:0}'),(100094,'{1:20085,2:0,3:0,4:0}'),(100095,'{1:20086,2:0,3:0,4:0}'),(100096,'{1:20087,2:0,3:0,4:0}'),(100097,'{1:20088,2:0,3:0,4:0}'),(100098,'{1:20089,2:0,3:0,4:0}'),(100099,'{1:20090,2:0,3:0,4:0}'),(100100,'{1:20091,2:0,3:0,4:0}'),(100101,'{1:20092,2:0,3:0,4:0}'),(100102,'{1:20093,2:0,3:0,4:0}'),(100103,'{1:20094,2:0,3:0,4:0}'),(100104,'{1:20095,2:0,3:0,4:0}'),(100105,'{1:20096,2:0,3:0,4:0}'),(100106,'{1:20097,2:0,3:0,4:0}'),(100107,'{1:20100,2:0,3:0,4:0}'),(100108,'{1:20103,2:0,3:0,4:0}'),(100109,'{1:20104,2:0,3:0,4:0}'),(100110,'{1:20105,2:0,3:0,4:0}'),(100111,'{1:20106,2:0,3:0,4:0}'),(100112,'{1:20107,2:0,3:0,4:0}'),(100113,'{1:20108,2:0,3:0,4:0}'),(100114,'{1:20109,2:0,3:0,4:0}'),(100115,'{1:20110,2:0,3:0,4:0}'),(100116,'{1:20113,2:0,3:0,4:0}'),(100117,'{1:20114,2:0,3:0,4:0}'),(100118,'{1:20115,2:0,3:0,4:0}'),(100119,'{1:20116,2:0,3:0,4:0}'),(100120,'{1:20117,2:0,3:0,4:0}'),(100121,'{1:20118,2:0,3:0,4:0}'),(100122,'{1:20119,2:0,3:0,4:0}'),(100123,'{1:20120,2:0,3:0,4:0}'),(100124,'{1:20121,2:0,3:0,4:0}'),(100125,'{1:20122,2:0,3:0,4:0}'),(100126,'{1:20123,2:0,3:0,4:0}'),(100127,'{1:20125,2:0,3:0,4:0}'),(100128,'{1:20126,2:0,3:0,4:0}'),(100129,'{1:20127,2:0,3:0,4:0}'),(100130,'{1:20128,2:0,3:0,4:0}'),(100131,'{1:20129,2:0,3:0,4:0}'),(100132,'{1:20130,2:0,3:0,4:0}'),(100133,'{1:20131,2:0,3:0,4:0}'),(100134,'{1:20132,2:0,3:0,4:0}'),(100135,'{1:20134,2:0,3:0,4:0}'),(100136,'{1:20136,2:0,3:0,4:0}'),(100137,'{1:20138,2:0,3:0,4:0}'),(100138,'{1:20139,2:0,3:0,4:0}'),(100139,'{1:20140,2:0,3:0,4:0}'),(100140,'{1:20141,2:0,3:0,4:0}'),(100141,'{1:20143,2:0,3:0,4:0}'),(100142,'{1:20144,2:0,3:0,4:0}'),(100143,'{1:20146,2:0,3:0,4:0}'),(100144,'{1:20148,2:0,3:0,4:0}'),(100145,'{1:20150,2:0,3:0,4:0}'),(100146,'{1:20152,2:0,3:0,4:0}'),(100147,'{1:20154,2:0,3:0,4:0}'),(100148,'{1:20156,2:0,3:0,4:0}'),(100149,'{1:20158,2:0,3:0,4:0}'),(100150,'{1:20159,2:0,3:0,4:0}'),(100151,'{1:20160,2:0,3:0,4:0}'),(100152,'{1:20161,2:0,3:0,4:0}'),(100153,'{1:20162,2:0,3:0,4:0}'),(100154,'{1:20163,2:0,3:0,4:0}'),(100155,'{1:20164,2:0,3:0,4:0}'),(100156,'{1:20165,2:0,3:0,4:0}'),(100157,'{1:20166,2:0,3:0,4:0}'),(100158,'{1:20167,2:0,3:0,4:0}'),(100159,'{1:20169,2:0,3:0,4:0}'),(100160,'{1:20171,2:0,3:0,4:0}'),(100161,'{1:20173,2:0,3:0,4:0}'),(100162,'{1:20174,2:0,3:0,4:0}'),(100163,'{1:20175,2:0,3:0,4:0}'),(100164,'{1:20177,2:0,3:0,4:0}'),(100165,'{1:20179,2:0,3:0,4:0}'),(100166,'{1:20181,2:0,3:0,4:0}'),(100167,'{1:20183,2:0,3:0,4:0}'),(100168,'{1:20185,2:0,3:0,4:0}'),(100169,'{1:20186,2:0,3:0,4:0}'),(100170,'{1:20188,2:0,3:0,4:0}'),(100171,'{1:20191,2:0,3:0,4:0}'),(100172,'{1:20192,2:0,3:0,4:0}'),(100173,'{1:20194,2:0,3:0,4:0}'),(100174,'{1:20197,2:0,3:0,4:0}'),(100175,'{1:20200,2:0,3:0,4:0}'),(100176,'{1:20203,2:0,3:0,4:0}'),(100177,'{1:20205,2:0,3:0,4:0}'),(100178,'{1:20208,2:0,3:0,4:0}'),(100179,'{1:20209,2:0,3:0,4:0}'),(100180,'{1:20212,2:0,3:0,4:0}'),(100181,'{1:20215,2:0,3:0,4:0}'),(100182,'{1:20217,2:0,3:0,4:0}'),(100183,'{1:20220,2:0,3:0,4:0}'),(100184,'{1:20221,2:0,3:0,4:0}'),(100185,'{1:20222,2:0,3:0,4:0}'),(100186,'{1:20223,2:0,3:0,4:0}'),(100187,'{1:20224,2:0,3:0,4:0}'),(100188,'{1:20225,2:0,3:0,4:0}'),(100189,'{1:20226,2:0,3:0,4:0}'),(100190,'{1:20227,2:0,3:0,4:0}'),(100191,'{1:20228,2:0,3:0,4:0}'),(100192,'{1:20229,2:0,3:0,4:0}'),(100193,'{1:20230,2:0,3:0,4:0}'),(100194,'{1:20231,2:0,3:0,4:0}'),(100195,'{1:20232,2:0,3:0,4:0}'),(100196,'{1:20233,2:0,3:0,4:0}'),(100197,'{1:20234,2:0,3:0,4:0}'),(100198,'{1:20235,2:0,3:0,4:0}'),(100199,'{1:20236,2:0,3:0,4:0}'),(100200,'{1:20237,2:0,3:0,4:0}'),(100201,'{1:20238,2:0,3:0,4:0}'),(100202,'{1:20239,2:0,3:0,4:0}'),(100203,'{1:20240,2:0,3:0,4:0}'),(100204,'{1:20241,2:0,3:0,4:0}'),(100205,'{1:20242,2:0,3:0,4:0}'),(100206,'{1:20243,2:0,3:0,4:0}'),(100207,'{1:20244,2:0,3:0,4:0}'),(100208,'{1:20245,2:0,3:0,4:0}'),(100209,'{1:20246,2:0,3:0,4:0}'),(100210,'{1:20247,2:0,3:0,4:0}'),(100211,'{1:20248,2:0,3:0,4:0}'),(100212,'{1:20249,2:0,3:0,4:0}'),(100213,'{1:20250,2:0,3:0,4:0}'),(100214,'{1:20251,2:0,3:0,4:0}'),(100215,'{1:20252,2:0,3:0,4:0}'),(100216,'{1:20253,2:0,3:0,4:0}'),(100217,'{1:20254,2:0,3:0,4:0}'),(100218,'{1:20255,2:0,3:0,4:0}'),(100219,'{1:20256,2:0,3:0,4:0}'),(100220,'{1:20257,2:0,3:0,4:0}'),(100221,'{1:20258,2:0,3:0,4:0}'),(100222,'{1:20259,2:0,3:0,4:0}'),(100223,'{1:20260,2:0,3:0,4:0}'),(100224,'{1:20261,2:0,3:0,4:0}'),(100225,'{1:20262,2:0,3:0,4:0}'),(100226,'{1:20263,2:0,3:0,4:0}'),(100227,'{1:20264,2:0,3:0,4:0}'),(100228,'{1:20265,2:0,3:0,4:0}'),(100229,'{1:20266,2:0,3:0,4:0}'),(100230,'{1:20267,2:0,3:0,4:0}'),(100231,'{1:20268,2:0,3:0,4:0}'),(100232,'{1:20269,2:0,3:0,4:0}'),(100233,'{1:20270,2:0,3:0,4:0}'),(100234,'{1:20271,2:0,3:0,4:0}'),(100235,'{1:20272,2:0,3:0,4:0}'),(100236,'{1:20273,2:0,3:0,4:0}'),(100237,'{1:20274,2:0,3:0,4:0}'),(100238,'{1:20275,2:0,3:0,4:0}'),(100239,'{1:20276,2:0,3:0,4:0}'),(100240,'{1:20277,2:0,3:0,4:0}'),(100241,'{1:20278,2:0,3:0,4:0}'),(100242,'{1:20279,2:0,3:0,4:0}'),(100243,'{1:20280,2:0,3:0,4:0}'),(100244,'{1:20281,2:0,3:0,4:0}'),(100245,'{1:20282,2:0,3:0,4:0}'),(100246,'{1:20283,2:0,3:0,4:0}'),(100247,'{1:20284,2:0,3:0,4:0}'),(100248,'{1:20285,2:0,3:0,4:0}'),(100249,'{1:20286,2:0,3:0,4:0}'),(100250,'{1:20287,2:0,3:0,4:0}'),(100251,'{1:20288,2:0,3:0,4:0}'),(100252,'{1:20289,2:0,3:0,4:0}'),(100253,'{1:20291,2:0,3:0,4:0}'),(100254,'{1:20292,2:0,3:0,4:0}'),(100255,'{1:20293,2:0,3:0,4:0}'),(100256,'{1:20294,2:0,3:0,4:0}'),(100257,'{1:20295,2:0,3:0,4:0}'),(100258,'{1:20296,2:0,3:0,4:0}'),(100259,'{1:20297,2:0,3:0,4:0}'),(100260,'{1:20298,2:0,3:0,4:0}'),(100261,'{1:20299,2:0,3:0,4:0}'),(100262,'{1:20300,2:0,3:0,4:0}'),(100263,'{1:20301,2:0,3:0,4:0}'),(100264,'{1:20302,2:0,3:0,4:0}'),(100265,'{1:20303,2:0,3:0,4:0}'),(100266,'{1:20304,2:0,3:0,4:0}'),(100267,'{1:20305,2:0,3:0,4:0}'),(100268,'{1:20306,2:0,3:0,4:0}'),(100269,'{1:20307,2:0,3:0,4:0}'),(100270,'{1:20308,2:0,3:0,4:0}'),(100271,'{1:20309,2:0,3:0,4:0}'),(100272,'{1:20310,2:0,3:0,4:0}'),(100273,'{1:20311,2:0,3:0,4:0}'),(100274,'{1:20312,2:0,3:0,4:0}'),(100275,'{1:20313,2:0,3:0,4:0}'),(100276,'{1:20314,2:0,3:0,4:0}'),(100277,'{1:20315,2:0,3:0,4:0}'),(100278,'{1:20316,2:0,3:0,4:0}'),(100279,'{1:20317,2:0,3:0,4:0}'),(100280,'{1:20318,2:0,3:0,4:0}'),(100281,'{1:20319,2:0,3:0,4:0}'),(100282,'{1:20320,2:0,3:0,4:0}'),(100283,'{1:20321,2:0,3:0,4:0}'),(100284,'{1:20322,2:0,3:0,4:0}'),(100285,'{1:20323,2:0,3:0,4:0}'),(100286,'{1:20324,2:0,3:0,4:0}'),(100287,'{1:20326,2:0,3:0,4:0}'),(100288,'{1:20328,2:0,3:0,4:0}'),(100289,'{1:20331,2:0,3:0,4:0}'),(100290,'{1:20333,2:0,3:0,4:0}'),(100291,'{1:20335,2:0,3:0,4:0}'),(100292,'{1:20338,2:0,3:0,4:0}'),(100293,'{1:20341,2:0,3:0,4:0}'),(100294,'{1:20344,2:0,3:0,4:0}'),(100295,'{1:20345,2:0,3:0,4:0}'),(100296,'{1:20347,2:0,3:0,4:0}'),(100297,'{1:20350,2:0,3:0,4:0}'),(100298,'{1:20351,2:0,3:0,4:0}'),(100299,'{1:20352,2:0,3:0,4:0}'),(100300,'{1:20353,2:0,3:0,4:0}'),(100301,'{1:20354,2:0,3:0,4:0}'),(100302,'{1:20355,2:0,3:0,4:0}'),(100303,'{1:20358,2:0,3:0,4:0}'),(100304,'{1:20360,2:0,3:0,4:0}'),(100305,'{1:20363,2:0,3:0,4:0}'),(100306,'{1:20366,2:0,3:0,4:0}'),(100307,'{1:20368,2:0,3:0,4:0}'),(100308,'{1:20370,2:0,3:0,4:0}'),(100309,'{1:20371,2:0,3:0,4:0}'),(100310,'{1:20374,2:0,3:0,4:0}'),(100311,'{1:20376,2:0,3:0,4:0}'),(100312,'{1:20378,2:0,3:0,4:0}'),(100313,'{1:20381,2:0,3:0,4:0}'),(100314,'{1:20384,2:0,3:0,4:0}'),(100315,'{1:20385,2:0,3:0,4:0}'),(100316,'{1:20388,2:0,3:0,4:0}'),(100317,'{1:20390,2:0,3:0,4:0}'),(100318,'{1:20391,2:0,3:0,4:0}'),(100319,'{1:20394,2:0,3:0,4:0}'),(100320,'{1:20395,2:0,3:0,4:0}'),(100321,'{1:20397,2:0,3:0,4:0}'),(100322,'{1:20398,2:0,3:0,4:0}'),(100323,'{1:20399,2:0,3:0,4:0}'),(100324,'{1:20400,2:0,3:0,4:0}'),(100325,'{1:20401,2:0,3:0,4:0}'),(100326,'{1:20402,2:0,3:0,4:0}'),(100327,'{1:20403,2:0,3:0,4:0}'),(100328,'{1:20404,2:0,3:0,4:0}'),(100329,'{1:20405,2:0,3:0,4:0}'),(100330,'{1:20407,2:0,3:0,4:0}'),(100331,'{1:20408,2:0,3:0,4:0}'),(100332,'{1:20410,2:0,3:0,4:0}'),(100333,'{1:20411,2:0,3:0,4:0}'),(100334,'{1:20412,2:0,3:0,4:0}'),(100335,'{1:20413,2:0,3:0,4:0}'),(100336,'{1:20414,2:0,3:0,4:0}'),(100337,'{1:20415,2:0,3:0,4:0}'),(100338,'{1:20416,2:0,3:0,4:0}'),(100339,'{1:20417,2:0,3:0,4:0}'),(100340,'{1:20418,2:0,3:0,4:0}'),(100341,'{1:20419,2:0,3:0,4:0}'),(100342,'{1:20420,2:0,3:0,4:0}'),(100343,'{1:20421,2:0,3:0,4:0}'),(100344,'{1:20422,2:0,3:0,4:0}'),(100345,'{1:20423,2:0,3:0,4:0}'),(100346,'{1:20424,2:0,3:0,4:0}'),(100347,'{1:20425,2:0,3:0,4:0}'),(100348,'{1:20426,2:0,3:0,4:0}'),(100349,'{1:20427,2:0,3:0,4:0}'),(100350,'{1:20428,2:0,3:0,4:0}'),(100351,'{1:20429,2:0,3:0,4:0}'),(100352,'{1:20430,2:0,3:0,4:0}'),(100353,'{1:20431,2:0,3:0,4:0}'),(100354,'{1:20432,2:0,3:0,4:0}'),(100355,'{1:20433,2:0,3:0,4:0}'),(100356,'{1:20434,2:0,3:0,4:0}'),(100357,'{1:20435,2:0,3:0,4:0}'),(100358,'{1:20436,2:0,3:0,4:0}'),(100359,'{1:20437,2:0,3:0,4:0}'),(100360,'{1:20438,2:0,3:0,4:0}'),(100361,'{1:20439,2:0,3:0,4:0}'),(100362,'{1:20440,2:0,3:0,4:0}'),(100363,'{1:20441,2:0,3:0,4:0}'),(100364,'{1:20442,2:0,3:0,4:0}'),(100365,'{1:20443,2:0,3:0,4:0}'),(100366,'{1:20444,2:0,3:0,4:0}'),(100367,'{1:20445,2:0,3:0,4:0}'),(100368,'{1:20446,2:0,3:0,4:0}'),(100369,'{1:20447,2:0,3:0,4:0}'),(100370,'{1:20448,2:0,3:0,4:0}'),(100371,'{1:20449,2:0,3:0,4:0}'),(100372,'{1:20450,2:0,3:0,4:0}'),(100373,'{1:20451,2:0,3:0,4:0}'),(100374,'{1:20452,2:0,3:0,4:0}'),(100375,'{1:20454,2:0,3:0,4:0}'),(100376,'{1:20455,2:0,3:0,4:0}'),(100377,'{1:20456,2:0,3:0,4:0}'),(100378,'{1:20457,2:0,3:0,4:0}'),(100379,'{1:20458,2:0,3:0,4:0}'),(100380,'{1:20460,2:0,3:0,4:0}'),(100381,'{1:20461,2:0,3:0,4:0}'),(100382,'{1:20463,2:0,3:0,4:0}'),(100383,'{1:20464,2:0,3:0,4:0}'),(100384,'{1:20465,2:0,3:0,4:0}'),(100385,'{1:20466,2:0,3:0,4:0}'),(100386,'{1:20468,2:0,3:0,4:0}'),(100387,'{1:20470,2:0,3:0,4:0}'),(100388,'{1:20471,2:0,3:0,4:0}'),(100389,'{1:20472,2:0,3:0,4:0}'),(100390,'{1:20473,2:0,3:0,4:0}'),(100391,'{1:20474,2:0,3:0,4:0}'),(100392,'{1:20475,2:0,3:0,4:0}'),(100393,'{1:20476,2:0,3:0,4:0}'),(100394,'{1:20477,2:0,3:0,4:0}'),(100395,'{1:20478,2:0,3:0,4:0}'),(100396,'{1:20479,2:0,3:0,4:0}'),(100397,'{1:20480,2:0,3:0,4:0}'),(100398,'{1:20481,2:0,3:0,4:0}'),(100399,'{1:20482,2:0,3:0,4:0}'),(100400,'{1:20483,2:0,3:0,4:0}'),(100401,'{1:20484,2:0,3:0,4:0}'),(100402,'{1:20485,2:0,3:0,4:0}'),(100403,'{1:20486,2:0,3:0,4:0}'),(100404,'{1:20487,2:0,3:0,4:0}'),(100405,'{1:20488,2:0,3:0,4:0}'),(100406,'{1:20490,2:0,3:0,4:0}'),(100407,'{1:20491,2:0,3:0,4:0}'),(100408,'{1:20492,2:0,3:0,4:0}'),(100409,'{1:20493,2:0,3:0,4:0}'),(100410,'{1:20495,2:0,3:0,4:0}'),(100411,'{1:20496,2:0,3:0,4:0}'),(100412,'{1:20497,2:0,3:0,4:0}'),(100413,'{1:20498,2:0,3:0,4:0}'),(100414,'{1:20499,2:0,3:0,4:0}'),(100415,'{1:20500,2:0,3:0,4:0}'),(100416,'{1:20502,2:0,3:0,4:0}'),(100417,'{1:20505,2:0,3:0,4:0}'),(100418,'{1:20507,2:0,3:0,4:0}'),(100419,'{1:20508,2:0,3:0,4:0}'),(100420,'{1:20509,2:0,3:0,4:0}'),(100421,'{1:20510,2:0,3:0,4:0}'),(100422,'{1:20511,2:0,3:0,4:0}'),(100423,'{1:20512,2:0,3:0,4:0}'),(100424,'{1:20513,2:0,3:0,4:0}'),(100425,'{1:20515,2:0,3:0,4:0}'),(100426,'{1:20516,2:0,3:0,4:0}'),(100427,'{1:20518,2:0,3:0,4:0}'),(100428,'{1:20519,2:0,3:0,4:0}'),(100429,'{1:20520,2:0,3:0,4:0}'),(100430,'{1:20521,2:0,3:0,4:0}'),(100431,'{1:20522,2:0,3:0,4:0}'),(100432,'{1:20523,2:0,3:0,4:0}'),(100433,'{1:20524,2:0,3:0,4:0}'),(100434,'{1:20525,2:0,3:0,4:0}'),(100435,'{1:20526,2:0,3:0,4:0}'),(100436,'{1:20527,2:0,3:0,4:0}'),(100437,'{1:20528,2:0,3:0,4:0}'),(100438,'{1:20529,2:0,3:0,4:0}'),(100439,'{1:20530,2:0,3:0,4:0}'),(100440,'{1:20531,2:0,3:0,4:0}'),(100441,'{1:20532,2:0,3:0,4:0}'),(100442,'{1:20533,2:0,3:0,4:0}'),(100443,'{1:20534,2:0,3:0,4:0}'),(100444,'{1:20535,2:0,3:0,4:0}'),(100445,'{1:20536,2:0,3:0,4:0}'),(100446,'{1:20537,2:0,3:0,4:0}'),(100447,'{1:20538,2:0,3:0,4:0}'),(100448,'{1:20539,2:0,3:0,4:0}'),(100449,'{1:20540,2:0,3:0,4:0}'),(100450,'{1:20541,2:0,3:0,4:0}'),(100451,'{1:20542,2:0,3:0,4:0}'),(100452,'{1:20543,2:0,3:0,4:0}'),(100453,'{1:20544,2:0,3:0,4:0}'),(100454,'{1:20545,2:0,3:0,4:0}'),(100455,'{1:20546,2:0,3:0,4:0}'),(100456,'{1:20547,2:0,3:0,4:0}'),(100457,'{1:20548,2:0,3:0,4:0}'),(100458,'{1:20549,2:0,3:0,4:0}'),(100459,'{1:20550,2:0,3:0,4:0}'),(100460,'{1:20551,2:0,3:0,4:0}'),(100461,'{1:20552,2:0,3:0,4:0}'),(100462,'{1:20553,2:0,3:0,4:0}'),(100463,'{1:20554,2:0,3:0,4:0}'),(100464,'{1:20555,2:0,3:0,4:0}'),(100465,'{1:20556,2:0,3:0,4:0}'),(100466,'{1:20557,2:0,3:0,4:0}'),(100467,'{1:20558,2:0,3:0,4:0}'),(100468,'{1:20559,2:0,3:0,4:0}'),(100469,'{1:20560,2:0,3:0,4:0}'),(100470,'{1:20562,2:0,3:0,4:0}'),(100471,'{1:20563,2:0,3:0,4:0}'),(100472,'{1:20564,2:0,3:0,4:0}'),(100473,'{1:20565,2:0,3:0,4:0}'),(100474,'{1:20566,2:0,3:0,4:0}'),(100475,'{1:20567,2:0,3:0,4:0}'),(100476,'{1:20568,2:0,3:0,4:0}'),(100477,'{1:20569,2:0,3:0,4:0}'),(100478,'{1:20570,2:0,3:0,4:0}'),(100479,'{1:20571,2:0,3:0,4:0}'),(100485,'{1:20578,2:0,3:0,4:0}'),(100486,'{1:20580,2:0,3:0,4:0}'),(100487,'{1:20581,2:0,3:0,4:0}'),(100491,'{1:20582,2:0,3:0,4:0}'),(100492,'{1:20583,2:0,3:0,4:0}'),(100493,'{1:20584,2:0,3:0,4:0}'),(100494,'{1:20585,2:0,3:0,4:0}'),(100495,'{1:20586,2:0,3:0,4:0}'),(100496,'{1:20587,2:0,3:0,4:0}'),(100497,'{1:20588,2:0,3:0,4:0}'),(100498,'{1:20589,2:0,3:0,4:0}'),(100499,'{1:20590,2:0,3:0,4:0}'),(100500,'{1:20591,2:0,3:0,4:0}'),(100501,'{1:20592,2:0,3:0,4:0}'),(100502,'{1:20594,2:0,3:0,4:0}'),(100503,'{1:20595,2:0,3:0,4:0}'),(100504,'{1:20596,2:0,3:0,4:0}'),(100505,'{1:20597,2:0,3:0,4:0}'),(100506,'{1:20598,2:0,3:0,4:0}'),(100507,'{1:20599,2:0,3:0,4:0}'),(100508,'{1:20600,2:0,3:0,4:0}'),(100509,'{1:20601,2:0,3:0,4:0}'),(100510,'{1:20602,2:0,3:0,4:0}'),(100511,'{1:20603,2:0,3:0,4:0}'),(100512,'{1:20604,2:0,3:0,4:0}'),(100513,'{1:20605,2:0,3:0,4:0}'),(100514,'{1:20607,2:0,3:0,4:0}'),(100515,'{1:20608,2:0,3:0,4:0}'),(100516,'{1:20609,2:0,3:0,4:0}'),(100517,'{1:20610,2:0,3:0,4:0}'),(100518,'{1:20611,2:0,3:0,4:0}'),(100519,'{1:20612,2:0,3:0,4:0}'),(100520,'{1:20613,2:0,3:0,4:0}'),(100521,'{1:20614,2:0,3:0,4:0}'),(100522,'{1:20615,2:0,3:0,4:0}'),(100523,'{1:20616,2:0,3:0,4:0}'),(100524,'{1:20617,2:0,3:0,4:0}'),(100525,'{1:20619,2:0,3:0,4:0}'),(100526,'{1:20620,2:0,3:0,4:0}'),(100527,'{1:20621,2:0,3:0,4:0}'),(100528,'{1:20622,2:0,3:0,4:0}'),(100529,'{1:20624,2:0,3:0,4:0}'),(100530,'{1:20625,2:0,3:0,4:0}'),(100531,'{1:20626,2:0,3:0,4:0}'),(100532,'{1:20629,2:0,3:0,4:0}'),(100533,'{1:20630,2:0,3:0,4:0}'),(100534,'{1:20631,2:0,3:0,4:0}'),(100535,'{1:20632,2:0,3:0,4:0}'),(100536,'{1:20633,2:0,3:0,4:0}'),(100537,'{1:20634,2:0,3:0,4:0}'),(100538,'{1:20635,2:0,3:0,4:0}'),(100539,'{1:20637,2:0,3:0,4:0}'),(100540,'{1:20638,2:0,3:0,4:0}'),(100541,'{1:20639,2:0,3:0,4:0}'),(100542,'{1:20640,2:0,3:0,4:0}'),(100543,'{1:20641,2:0,3:0,4:0}'),(100544,'{1:20642,2:0,3:0,4:0}'),(100545,'{1:20643,2:0,3:0,4:0}'),(100546,'{1:20644,2:0,3:0,4:0}'),(100547,'{1:20645,2:0,3:0,4:0}'),(100548,'{1:20646,2:0,3:0,4:0}'),(100549,'{1:20647,2:0,3:0,4:0}'),(100550,'{1:20648,2:0,3:0,4:0}'),(100551,'{1:20649,2:0,3:0,4:0}'),(100552,'{1:20650,2:0,3:0,4:0}'),(100553,'{1:20651,2:0,3:0,4:0}'),(100554,'{1:20652,2:0,3:0,4:0}'),(100555,'{1:20654,2:0,3:0,4:0}'),(100556,'{1:20657,2:0,3:0,4:0}'),(100557,'{1:20660,2:0,3:0,4:0}'),(100558,'{1:20661,2:0,3:0,4:0}'),(100559,'{1:20662,2:0,3:0,4:0}'),(100560,'{1:20663,2:0,3:0,4:0}'),(100561,'{1:20664,2:0,3:0,4:0}'),(100562,'{1:20665,2:0,3:0,4:0}'),(100563,'{1:20666,2:0,3:0,4:0}'),(100564,'{1:20667,2:0,3:0,4:0}'),(100565,'{1:20668,2:20669,3:0,4:0}'),(100566,'{1:20670,2:20671,3:0,4:0}'),(100567,'{1:20672,2:20673,3:0,4:0}'),(100568,'{1:20674,2:20675,3:0,4:0}'),(100569,'{1:20676,2:20677,3:0,4:0}'),(100570,'{1:20678,2:20679,3:0,4:0}'),(100571,'{1:20681,2:20682,3:0,4:0}'),(100572,'{1: 20683, 2: 20685, 3: 20684, 4: 20814}'),(100573,'{1:20686,2:20687,3:0,4:0}'),(100574,'{1:20688,2:20689,3:0,4:0}'),(100575,'{1:20690,2:20691,3:0,4:0}'),(100576,'{1:20692,2:20693,3:0,4:0}'),(100577,'{1:20694,2:20695,3:0,4:0}'),(100578,'{1:20696,2:20697,3:0,4:0}'),(100579,'{1:20698,2:20699,3:0,4:0}'),(100580,'{1:20700,2:20701,3:0,4:0}'),(100581,'{1:20702,2:20703,3:0,4:0}'),(100582,'{1:20704,2:20705,3:0,4:0}'),(100583,'{1:20706,2:20707,3:0,4:0}'),(100584,'{1:20708,2:20709,3:0,4:0}'),(100585,'{1:20710,2:20711,3:0,4:0}'),(100586,'{1:20712,2:20713,3:0,4:0}'),(100587,'{1:20714,2:20715,3:0,4:0}'),(100588,'{1:20716,2:20717,3:0,4:0}'),(100589,'{1:20718,2:20719,3:0,4:0}'),(100590,'{1:20720,2:20721,3:0,4:0}'),(100591,'{1:20722,2:20723,3:0,4:0}'),(100592,'{1:20724,2:20725,3:0,4:0}'),(100593,'{1:20726,2:20727,3:0,4:0}'),(100594,'{1:20728,2:20729,3:0,4:0}'),(100595,'{1:20730,2:20731,3:0,4:0}'),(100596,'{1:20732,2:20733,3:0,4:0}'),(100597,'{1:20734,2:20735,3:0,4:0}'),(100598,'{1:20736,2:20737,3:0,4:0}'),(100599,'{1:20738,2:20739,3:0,4:0}'),(100600,'{1:20740,2:20741,3:0,4:0}'),(100601,'{1:20742,2:20743,3:0,4:0}'),(100602,'{1:20744,2:20745,3:0,4:0}'),(100603,'{1:20746,2:20747,3:0,4:0}'),(100604,'{1:20748,2:20749,3:0,4:0}'),(100605,'{1:20750,2:20751,3:0,4:0}'),(100606,'{1:20752,2:20753,3:0,4:0}'),(100607,'{1:20754,2:20755,3:0,4:0}'),(100608,'{1:20756,2:20757,3:0,4:0}'),(100609,'{1:20758,2:20759,3:0,4:0}'),(100610,'{1:20760,2:20761,3:0,4:0}'),(100611,'{1:20762,2:20763,3:0,4:0}'),(100612,'{1:20764,2:20765,3:0,4:0}'),(100613,'{1:20766,2:20767,3:0,4:0}'),(100614,'{1:20768,2:20769,3:0,4:0}'),(100615,'{1:20770,2:20771,3:0,4:0}'),(100616,'{1:20772,2:20773,3:0,4:0}'),(100617,'{1:20774,2:20775,3:0,4:0}'),(100618,'{1:20776,2:20777,3:0,4:0}'),(100619,'{1:20778,2:20779,3:0,4:0}'),(100620,'{1:20780,2:20781,3:0,4:0}'),(100621,'{1:20782,2:20783,3:0,4:0}'),(100622,'{1:20784,2:20785,3:0,4:0}'),(100623,'{1:20786,2:20787,3:0,4:0}'),(100624,'{1:20788,2:20789,3:0,4:0}'),(100625,'{1:20790,2:20791,3:0,4:0}'),(100626,'{1:20792,2:20793,3:0,4:0}'),(100627,'{1:20794,2:20795,3:0,4:0}'),(100628,'{1:20796,2:20797,3:0,4:0}'),(100629,'{1:20798,2:20799,3:0,4:0}'),(100630,'{1:20800,2:20801,3:0,4:0}'),(100631,'{1:20802,2:20803,3:0,4:0}'),(100632,'{1:20804,2:20805,3:0,4:0}'),(100633,'{1:20806,2:20807,3:0,4:0}'),(100634,'{1:20808,2:20809,3:0,4:0}'),(100635,'{1:20810,2:20811,3:0,4:0}'),(100636,'{1:20812,2:20813,3:0,4:0}'),(100637,'{1:20815,2:20816,3:0,4:0}'),(100638,'{1:20817,2:20818,3:0,4:0}'),(100639,'{1:20819,2:20820,3:0,4:0}'),(100640,'{1:20821,2:20822,3:0,4:0}'),(100641,'{1:20823,2:20824,3:0,4:0}'),(100642,'{1:20825,2:20826,3:0,4:0}'),(100643,'{1:20827,2:20828,3:0,4:0}'),(100644,'{1:20829,2:20830,3:0,4:0}'),(100645,'{1:20831,2:20832,3:0,4:0}'),(100646,'{1:20833,2:20834,3:0,4:0}'),(100647,'{1:20835,2:20836,3:0,4:0}'),(100648,'{1:20837,2:20838,3:0,4:0}'),(100649,'{1:20839,2:20840,3:0,4:0}'),(100650,'{1:20841,2:20842,3:0,4:0}'),(100651,'{1:20843,2:20844,3:0,4:0}'),(100652,'{1:20845,2:20846,3:0,4:0}'),(100653,'{1:20847,2:20848,3:0,4:0}'),(100654,'{1:20850,2:20851,3:0,4:0}'),(100655,'{1:20853,2:20854,3:0,4:0}'),(100656,'{1:20856,2:20857,3:0,4:0}'),(100657,'{1:20858,2:20859,3:0,4:0}'),(100658,'{1:20862,2:20863,3:0,4:0}'),(100659,'{1:20865,2:20866,3:0,4:0}'),(100660,'{1: 20868, 2: 20869, 3: 0, 4: 20870}'),(100661,'{1:20871,2:20872,3:0,4:0}'),(100662,'{1:20875,2:20876,3:0,4:0}'),(100663,'{1:20877,2:20878,3:0,4:0}'),(100664,'{1:20879,2:20880,3:0,4:0}'),(100665,'{1: 20883, 2: 20884, 3: 20885, 4: 0}'),(100666,'{1:20886,2:20887,3:0,4:0}'),(100667,'{1:20888,2:20889,3:0,4:0}'),(100668,'{1:20890,2:20891,3:0,4:0}'),(100669,'{1:20892,2:20893,3:0,4:0}'),(100670,'{1:20894,2:20895,3:0,4:0}'),(100671,'{1:20897,2:20898,3:0,4:0}'),(100672,'{1:20899,2:20900,3:0,4:0}'),(100673,'{1:20901,2:20902,3:0,4:0}');

/*Table structure for table `player_fight_pets` */

DROP TABLE IF EXISTS `player_fight_pets`;

CREATE TABLE `player_fight_pets` (
  `id` int(20) NOT NULL AUTO_INCREMENT COMMENT '宠物备战列表',
  `pid` int(20) NOT NULL COMMENT '角色id',
  `petlist` varchar(1000) COLLATE utf8_unicode_ci NOT NULL DEFAULT '[]' COMMENT '备战宠物id列表[角色宠物id,角色宠物id,角色宠物id]',
  PRIMARY KEY (`id`)
) ENGINE=InnoDB AUTO_INCREMENT=2 DEFAULT CHARSET=utf8 COLLATE=utf8_unicode_ci;

/*Data for the table `player_fight_pets` */

insert  into `player_fight_pets`(`id`,`pid`,`petlist`) values (1,100001,'[20000,20011,20012,20013]');

/*Table structure for table `player_instance` */

DROP TABLE IF EXISTS `player_instance`;

CREATE TABLE `player_instance` (
  `pid` int(20) NOT NULL COMMENT '角色id   角色通关记录表 主键id',
  `instanceid` int(20) NOT NULL COMMENT '通关之后的副本id',
  PRIMARY KEY (`pid`)
) ENGINE=InnoDB DEFAULT CHARSET=utf8 COLLATE=utf8_unicode_ci;

/*Data for the table `player_instance` */

insert  into `player_instance`(`pid`,`instanceid`) values (1,2),(100001,5),(100073,1),(100087,1),(100106,1),(100107,1),(100115,1),(100126,1),(100134,1),(100135,1),(100136,1),(100140,1),(100142,1),(100143,1),(100144,1),(100145,1),(100146,1),(100147,1),(100148,2),(100159,1),(100160,1),(100163,1),(100164,1),(100165,1),(100166,1),(100167,1),(100169,1),(100170,3),(100172,1),(100173,2),(100174,2),(100175,2),(100176,1),(100177,2),(100179,2),(100180,2),(100181,1),(100182,2),(100252,1),(100286,1),(100287,1),(100288,3),(100289,1),(100290,1),(100291,2),(100292,5),(100293,2),(100295,1),(100296,5),(100302,2),(100303,1),(100304,2),(100305,2),(100306,1),(100307,1),(100309,2),(100310,1),(100311,1),(100312,2),(100313,5),(100315,2),(100316,1),(100318,5),(100320,1),(100329,1),(100330,1),(100374,1),(100379,1),(100381,1),(100385,1),(100386,1),(100405,1),(100409,1),(100415,1),(100416,2),(100417,1),(100424,1),(100426,1),(100469,1),(100485,1),(100500,1),(100513,1),(100524,1),(100528,1),(100531,3),(100538,1),(100554,1),(100555,4),(100556,5),(100568,1),(100570,1),(100572,4),(100653,1),(100654,1),(100655,1),(100657,2),(100658,1),(100659,1),(100660,1),(100661,2),(100664,5),(100665,1),(100670,1);

/*Table structure for table `player_pet` */

DROP TABLE IF EXISTS `player_pet`;

CREATE TABLE `player_pet` (
  `id` int(20) NOT NULL AUTO_INCREMENT COMMENT '角色宠物表，所有已经解锁的宠物、英雄',
  `pid` int(20) NOT NULL COMMENT '角色id',
  `petid` int(20) NOT NULL COMMENT '宠物id',
  `level` int(10) DEFAULT '1' COMMENT '宠物等级',
  `exp` int(10) DEFAULT '0' COMMENT '宠物当前经验值',
  `unlocks` int(2) DEFAULT '0' COMMENT '是否已经解锁 0未解锁 1已经解锁',
  `silver` int(10) DEFAULT '0' COMMENT '解锁花费的金币',
  `newgid` int(10) DEFAULT '0' COMMENT '宠物的成长id 0为默认成长 其他为升阶后的成长',
  `qhhplv` int(10) DEFAULT '0' COMMENT '宠物强化Hp的等级',
  `qhattlv` int(10) DEFAULT '0' COMMENT '宠物强化攻击力的等级',
  PRIMARY KEY (`id`)
) ENGINE=InnoDB AUTO_INCREMENT=20903 DEFAULT CHARSET=utf8 COLLATE=utf8_unicode_ci;

/*Data for the table `player_pet` */

insert  into `player_pet`(`id`,`pid`,`petid`,`level`,`exp`,`unlocks`,`silver`,`newgid`,`qhhplv`,`qhattlv`) values (20000,100001,1,5,0,1,0,1,20,20),(20002,100002,2,1,0,1,2,0,10,10),(20011,100001,4,1,0,1,1,0,0,0),(20012,100001,3,1,0,1,1,0,0,0),(20013,100001,2,1,0,1,1,0,0,0),(20014,100027,3,1,1,1,0,0,0,0),(20015,100028,3,1,1,1,0,0,0,0),(20016,100029,3,1,1,1,0,0,0,0),(20017,100030,3,1,1,1,0,0,0,0),(20018,100031,3,1,1,1,0,0,0,0),(20019,100032,3,1,1,1,0,0,0,0),(20020,100033,3,1,1,1,0,0,0,0),(20021,100034,3,1,1,1,0,0,0,0),(20022,100035,3,1,1,1,0,0,0,0),(20023,100036,3,1,1,1,0,0,0,0),(20024,100037,3,1,1,1,0,0,0,0),(20025,100038,3,1,1,1,0,0,0,0),(20026,100039,3,1,1,1,0,0,0,0),(20027,100040,3,1,1,1,0,0,0,0),(20028,100041,3,1,1,1,0,0,0,0),(20029,100042,3,1,1,1,0,0,0,0),(20030,100043,3,1,1,1,0,0,0,0),(20031,100044,3,1,1,1,0,0,0,0),(20032,100045,3,1,1,1,0,0,0,0),(20033,100046,3,1,1,1,0,0,0,0),(20034,100047,3,1,1,1,0,0,0,0),(20035,100048,3,1,1,1,0,0,0,0),(20036,100049,3,1,1,1,0,0,0,0),(20037,100050,3,1,1,1,0,0,0,0),(20038,100051,3,1,1,1,0,0,0,0),(20039,100052,3,1,1,1,0,0,0,0),(20040,100053,3,1,1,1,0,0,0,0),(20041,100054,3,1,1,1,0,0,0,0),(20042,100055,3,1,1,1,0,0,0,0),(20043,100056,3,1,1,1,0,0,0,0),(20044,100057,3,1,1,1,0,0,0,0),(20045,100058,3,1,1,1,0,0,0,0),(20046,100059,3,1,1,1,0,0,0,0),(20047,100060,3,1,1,1,0,0,0,0),(20048,100061,3,1,1,1,0,0,0,0),(20049,100062,3,1,1,1,0,0,0,0),(20050,100063,3,1,1,1,0,0,0,0),(20051,100064,3,1,1,1,0,0,0,0),(20052,100065,3,1,1,1,0,0,0,0),(20053,100066,3,1,1,1,0,0,0,0),(20054,100067,3,1,1,1,0,0,0,0),(20055,100068,3,1,1,1,0,0,0,0),(20056,100069,3,1,1,1,0,0,0,0),(20057,100070,3,1,1,1,0,0,0,0),(20058,100071,3,1,1,1,0,0,0,0),(20059,100072,3,1,1,1,0,0,0,0),(20060,100073,3,1,1,1,0,0,0,0),(20061,100073,1,1,1,0,1,0,0,0),(20062,100073,1,1,0,0,1,0,0,0),(20063,100074,3,1,1,1,0,0,0,0),(20064,100075,3,1,1,1,0,0,0,0),(20065,100076,3,1,1,1,0,0,0,0),(20066,100077,3,1,1,1,0,0,0,0),(20067,100078,3,1,1,1,0,0,0,0),(20068,100079,3,1,1,1,0,0,0,0),(20069,100080,3,1,1,1,0,0,0,0),(20070,100081,3,1,1,1,0,0,0,0),(20071,100082,3,1,1,1,0,0,0,0),(20072,100083,3,1,1,1,0,0,0,0),(20073,100084,3,1,1,1,0,0,0,0),(20074,100085,3,1,1,1,0,0,0,0),(20075,100086,3,1,1,1,0,0,0,0),(20076,100087,3,1,1,1,0,0,0,0),(20077,100087,1,1,1,0,1,0,0,0),(20078,100087,1,1,0,0,1,0,0,0),(20079,100088,3,1,1,1,0,0,0,0),(20080,100089,3,1,1,1,0,0,0,0),(20081,100090,3,1,1,1,0,0,0,0),(20082,100091,3,1,1,1,0,0,0,0),(20083,100092,3,1,1,1,0,0,0,0),(20084,100093,3,1,1,1,0,0,0,0),(20085,100094,3,1,1,1,0,0,0,0),(20086,100095,3,1,1,1,0,0,0,0),(20087,100096,3,1,1,1,0,0,0,0),(20088,100097,3,1,1,1,0,0,0,0),(20089,100098,3,1,1,1,0,0,0,0),(20090,100099,3,1,1,1,0,0,0,0),(20091,100100,3,1,1,1,0,0,0,0),(20092,100101,3,1,1,1,0,0,0,0),(20093,100102,3,1,1,1,0,0,0,0),(20094,100103,3,1,1,1,0,0,0,0),(20095,100104,3,1,1,1,0,0,0,0),(20096,100105,3,1,1,1,0,0,0,0),(20097,100106,3,1,1,1,0,0,0,0),(20098,100106,1,1,1,0,1,0,0,0),(20099,100106,1,1,0,0,1,0,0,0),(20100,100107,3,1,1,1,0,0,0,0),(20101,100107,1,1,1,0,1,0,0,0),(20102,100107,1,1,0,0,1,0,0,0),(20103,100108,3,1,1,1,0,0,0,0),(20104,100109,3,1,1,1,0,0,0,0),(20105,100110,3,1,1,1,0,0,0,0),(20106,100111,3,1,1,1,0,0,0,0),(20107,100112,3,1,1,1,0,0,0,0),(20108,100113,3,1,1,1,0,0,0,0),(20109,100114,3,1,1,1,0,0,0,0),(20110,100115,3,1,1,1,0,0,0,0),(20111,100115,1,1,1,0,1,0,0,0),(20112,100115,1,1,0,0,1,0,0,0),(20113,100116,3,1,1,1,0,0,0,0),(20114,100117,3,1,1,1,0,0,0,0),(20115,100118,3,1,1,1,0,0,0,0),(20116,100119,3,1,1,1,0,0,0,0),(20117,100120,3,1,1,1,0,0,0,0),(20118,100121,3,1,1,1,0,0,0,0),(20119,100122,3,1,1,1,0,0,0,0),(20120,100123,3,1,1,1,0,0,0,0),(20121,100124,3,1,1,1,0,0,0,0),(20122,100125,3,1,1,1,0,0,0,0),(20123,100126,3,1,2,1,0,0,0,0),(20124,100126,1,1,1,0,1,0,0,0),(20125,100127,3,1,1,1,0,0,0,0),(20126,100128,3,1,1,1,0,0,0,0),(20127,100129,3,1,1,1,0,0,0,0),(20128,100130,3,1,1,1,0,0,0,0),(20129,100131,3,1,1,1,0,0,0,0),(20130,100132,3,1,1,1,0,0,0,0),(20131,100133,3,1,1,1,0,0,0,0),(20132,100134,3,1,2,1,0,0,0,0),(20133,100134,1,1,1,0,1,0,0,0),(20134,100135,3,1,2,1,0,0,0,0),(20135,100135,1,1,1,0,1,0,0,0),(20136,100136,3,1,2,1,0,0,0,0),(20137,100136,1,1,1,0,1,0,0,0),(20138,100137,3,1,1,1,0,0,0,0),(20139,100138,3,1,1,1,0,0,0,0),(20140,100139,3,1,1,1,0,0,0,0),(20141,100140,3,1,2,1,0,0,0,0),(20142,100140,1,1,1,0,1,0,0,0),(20143,100141,3,1,1,1,0,0,0,0),(20144,100142,3,1,2,1,0,0,0,0),(20145,100142,1,1,1,0,1,0,0,0),(20146,100143,3,1,2,1,0,0,0,0),(20147,100143,1,1,1,0,1,0,0,0),(20148,100144,3,1,2,1,0,0,0,0),(20149,100144,1,1,1,0,1,0,0,0),(20150,100145,3,1,1,1,0,0,0,0),(20151,100145,1,1,1,0,1,0,0,0),(20152,100146,3,1,1,1,0,0,0,0),(20153,100146,1,1,1,0,1,0,0,0),(20154,100147,3,1,2,1,0,0,0,0),(20155,100147,1,1,1,0,1,0,0,0),(20156,100148,3,1,3,1,0,0,0,0),(20157,100148,1,1,1,0,1,0,0,0),(20158,100149,3,1,1,1,0,0,0,0),(20159,100150,3,1,1,1,0,0,0,0),(20160,100151,3,1,1,1,0,0,0,0),(20161,100152,3,1,1,1,0,0,0,0),(20162,100153,3,1,1,1,0,0,0,0),(20163,100154,3,1,1,1,0,0,0,0),(20164,100155,3,1,1,1,0,0,0,0),(20165,100156,3,1,1,1,0,0,0,0),(20166,100157,3,1,1,1,0,0,0,0),(20167,100158,3,1,1,1,0,0,0,0),(20168,100148,2,1,1,0,1,0,0,0),(20169,100159,3,1,2,1,0,0,0,0),(20170,100159,1,1,1,0,1,0,0,0),(20171,100160,3,1,2,1,0,0,0,0),(20172,100160,1,1,1,0,1,0,0,0),(20173,100161,3,1,1,1,0,0,0,0),(20174,100162,3,1,1,1,0,0,0,0),(20175,100163,3,1,2,1,0,0,0,0),(20176,100163,1,1,1,0,1,0,0,0),(20177,100164,3,1,2,1,0,0,0,0),(20178,100164,1,1,1,0,1,0,0,0),(20179,100165,3,1,2,1,0,0,0,0),(20180,100165,1,1,1,0,1,0,0,0),(20181,100166,3,1,2,1,0,0,0,0),(20182,100166,1,1,1,0,1,0,0,0),(20183,100167,3,1,2,1,0,0,0,0),(20184,100167,1,1,1,0,1,0,0,0),(20185,100168,3,1,1,1,0,0,0,0),(20186,100169,3,1,2,1,0,0,0,0),(20187,100169,1,1,1,0,1,0,0,0),(20188,100170,3,1,4,1,0,0,0,0),(20189,100170,1,1,1,0,1,0,0,0),(20190,100170,2,1,1,0,1,0,0,0),(20191,100171,3,1,1,1,0,0,0,0),(20192,100172,3,1,2,1,0,0,0,0),(20193,100172,1,1,1,0,1,0,0,0),(20194,100173,3,1,3,1,0,0,0,0),(20195,100173,1,1,1,0,1,0,0,0),(20196,100173,2,1,1,0,1,0,0,0),(20197,100174,3,1,3,1,0,0,0,0),(20198,100174,1,1,1,0,1,0,0,0),(20199,100174,2,1,1,0,1,0,0,0),(20200,100175,3,1,3,1,0,0,0,0),(20201,100175,1,1,1,0,1,0,0,0),(20202,100175,2,1,1,0,1,0,0,0),(20203,100176,3,1,2,1,0,0,0,0),(20204,100176,1,1,1,0,1,0,0,0),(20205,100177,3,1,3,1,0,0,0,0),(20206,100177,1,1,1,0,1,0,0,0),(20207,100177,2,1,1,0,1,0,0,0),(20208,100178,3,1,1,1,0,0,0,0),(20209,100179,3,1,3,1,0,0,0,0),(20210,100179,1,1,1,0,1,0,0,0),(20211,100179,2,1,1,0,1,0,0,0),(20212,100180,3,1,3,1,0,0,0,0),(20213,100180,1,1,1,0,1,0,0,0),(20214,100180,2,1,1,0,1,0,0,0),(20215,100181,3,1,2,1,0,0,0,0),(20216,100181,1,1,1,0,1,0,0,0),(20217,100182,3,1,3,1,0,0,0,0),(20218,100182,1,1,1,0,1,0,0,0),(20219,100182,2,1,1,0,1,0,0,0),(20220,100183,3,1,1,1,0,0,0,0),(20221,100184,3,1,1,1,0,0,0,0),(20222,100185,3,1,1,1,0,0,0,0),(20223,100186,3,1,1,1,0,0,0,0),(20224,100187,3,1,1,1,0,0,0,0),(20225,100188,3,1,1,1,0,0,0,0),(20226,100189,3,1,1,1,0,0,0,0),(20227,100190,3,1,1,1,0,0,0,0),(20228,100191,3,1,1,1,0,0,0,0),(20229,100192,3,1,1,1,0,0,0,0),(20230,100193,3,1,1,1,0,0,0,0),(20231,100194,3,1,1,1,0,0,0,0),(20232,100195,3,1,1,1,0,0,0,0),(20233,100196,3,1,1,1,0,0,0,0),(20234,100197,3,1,1,1,0,0,0,0),(20235,100198,3,1,1,1,0,0,0,0),(20236,100199,3,1,1,1,0,0,0,0),(20237,100200,3,1,1,1,0,0,0,0),(20238,100201,3,1,1,1,0,0,0,0),(20239,100202,3,1,1,1,0,0,0,0),(20240,100203,3,1,1,1,0,0,0,0),(20241,100204,3,1,1,1,0,0,0,0),(20242,100205,3,1,1,1,0,0,0,0),(20243,100206,3,1,1,1,0,0,0,0),(20244,100207,3,1,1,1,0,0,0,0),(20245,100208,3,1,1,1,0,0,0,0),(20246,100209,3,1,1,1,0,0,0,0),(20247,100210,3,1,1,1,0,0,0,0),(20248,100211,3,1,1,1,0,0,0,0),(20249,100212,3,1,1,1,0,0,0,0),(20250,100213,3,1,1,1,0,0,0,0),(20251,100214,3,1,1,1,0,0,0,0),(20252,100215,3,1,1,1,0,0,0,0),(20253,100216,3,1,1,1,0,0,0,0),(20254,100217,3,1,1,1,0,0,0,0),(20255,100218,3,1,1,1,0,0,0,0),(20256,100219,3,1,1,1,0,0,0,0),(20257,100220,3,1,1,1,0,0,0,0),(20258,100221,3,1,1,1,0,0,0,0),(20259,100222,3,1,1,1,0,0,0,0),(20260,100223,3,1,1,1,0,0,0,0),(20261,100224,3,1,1,1,0,0,0,0),(20262,100225,3,1,1,1,0,0,0,0),(20263,100226,3,1,1,1,0,0,0,0),(20264,100227,3,1,1,1,0,0,0,0),(20265,100228,3,1,1,1,0,0,0,0),(20266,100229,3,1,1,1,0,0,0,0),(20267,100230,3,1,1,1,0,0,0,0),(20268,100231,3,1,1,1,0,0,0,0),(20269,100232,3,1,1,1,0,0,0,0),(20270,100233,3,1,1,1,0,0,0,0),(20271,100234,3,1,1,1,0,0,0,0),(20272,100235,3,1,1,1,0,0,0,0),(20273,100236,3,1,1,1,0,0,0,0),(20274,100237,3,1,1,1,0,0,0,0),(20275,100238,3,1,1,1,0,0,0,0),(20276,100239,3,1,1,1,0,0,0,0),(20277,100240,3,1,1,1,0,0,0,0),(20278,100241,3,1,1,1,0,0,0,0),(20279,100242,3,1,1,1,0,0,0,0),(20280,100243,3,1,1,1,0,0,0,0),(20281,100244,3,1,1,1,0,0,0,0),(20282,100245,3,1,1,1,0,0,0,0),(20283,100246,3,1,1,1,0,0,0,0),(20284,100247,3,1,1,1,0,0,0,0),(20285,100248,3,1,1,1,0,0,0,0),(20286,100249,3,1,1,1,0,0,0,0),(20287,100250,3,1,1,1,0,0,0,0),(20288,100251,3,1,1,1,0,0,0,0),(20289,100252,3,1,1,1,0,0,0,0),(20290,100252,1,1,1,0,1,0,0,0),(20291,100253,3,1,1,1,0,0,0,0),(20292,100254,3,1,1,1,0,0,0,0),(20293,100255,3,1,1,1,0,0,0,0),(20294,100256,3,1,1,1,0,0,0,0),(20295,100257,3,1,1,1,0,0,0,0),(20296,100258,3,1,1,1,0,0,0,0),(20297,100259,3,1,1,1,0,0,0,0),(20298,100260,3,1,1,1,0,0,0,0),(20299,100261,3,1,1,1,0,0,0,0),(20300,100262,3,1,1,1,0,0,0,0),(20301,100263,3,1,1,1,0,0,0,0),(20302,100264,3,1,1,1,0,0,0,0),(20303,100265,3,1,1,1,0,0,0,0),(20304,100266,3,1,1,1,0,0,0,0),(20305,100267,3,1,1,1,0,0,0,0),(20306,100268,3,1,1,1,0,0,0,0),(20307,100269,3,1,1,1,0,0,0,0),(20308,100270,3,1,1,1,0,0,0,0),(20309,100271,3,1,1,1,0,0,0,0),(20310,100272,3,1,1,1,0,0,0,0),(20311,100273,3,1,1,1,0,0,0,0),(20312,100274,3,1,1,1,0,0,0,0),(20313,100275,3,1,1,1,0,0,0,0),(20314,100276,3,1,1,1,0,0,0,0),(20315,100277,3,1,1,1,0,0,0,0),(20316,100278,3,1,1,1,0,0,0,0),(20317,100279,3,1,1,1,0,0,0,0),(20318,100280,3,1,1,1,0,0,0,0),(20319,100281,3,1,1,1,0,0,0,0),(20320,100282,3,1,1,1,0,0,0,0),(20321,100283,3,1,1,1,0,0,0,0),(20322,100284,3,1,1,1,0,0,0,0),(20323,100285,3,1,1,1,0,0,0,0),(20324,100286,3,1,2,1,0,0,0,0),(20325,100286,1,1,1,0,1,0,0,0),(20326,100287,3,1,2,1,0,0,0,0),(20327,100287,1,1,1,0,1,0,0,0),(20328,100288,3,1,4,1,0,0,0,0),(20329,100288,1,1,1,0,1,0,0,0),(20330,100288,2,1,1,0,1,0,0,0),(20331,100289,3,1,2,1,0,0,0,0),(20332,100289,1,1,1,0,1,0,0,0),(20333,100290,3,1,2,1,0,0,0,0),(20334,100290,1,1,1,0,1,0,0,0),(20335,100291,3,1,3,1,0,0,0,0),(20336,100291,1,1,1,0,1,0,0,0),(20337,100291,2,1,1,0,1,0,0,0),(20338,100292,3,1,6,1,0,0,0,0),(20339,100292,1,1,1,0,1,0,0,0),(20340,100292,2,1,1,0,1,0,0,0),(20341,100293,3,1,3,1,0,0,0,0),(20342,100293,1,1,1,0,1,0,0,0),(20343,100293,2,1,1,0,1,0,0,0),(20344,100294,3,1,1,1,0,0,0,0),(20345,100295,3,1,2,1,0,0,0,0),(20346,100295,1,1,1,0,1,0,0,0),(20347,100296,3,1,8,1,0,0,0,0),(20348,100296,1,1,1,0,1,0,0,0),(20349,100296,2,1,1,0,1,0,0,0),(20350,100297,3,1,1,1,0,0,0,0),(20351,100298,3,1,1,1,0,0,0,0),(20352,100299,3,1,1,1,0,0,0,0),(20353,100300,3,1,1,1,0,0,0,0),(20354,100301,3,1,1,1,0,0,0,0),(20355,100302,3,1,3,1,0,0,0,0),(20356,100302,1,1,1,0,1,0,0,0),(20357,100302,2,1,1,0,1,0,0,0),(20358,100303,3,1,2,1,0,0,0,0),(20359,100303,1,1,1,0,1,0,0,0),(20360,100304,3,1,3,1,0,0,0,0),(20361,100304,1,1,1,0,1,0,0,0),(20362,100304,2,1,1,0,1,0,0,0),(20363,100305,3,1,3,1,0,0,0,0),(20364,100305,1,1,1,0,1,0,0,0),(20365,100305,2,1,1,0,1,0,0,0),(20366,100306,3,1,2,1,0,0,0,0),(20367,100306,1,1,1,0,1,0,0,0),(20368,100307,3,1,2,1,0,0,0,0),(20369,100307,1,1,1,0,1,0,0,0),(20370,100308,3,1,1,1,0,0,0,0),(20371,100309,3,1,3,1,0,0,0,0),(20372,100309,1,1,1,0,1,0,0,0),(20373,100309,2,1,1,0,1,0,0,0),(20374,100310,3,1,2,1,0,0,0,0),(20375,100310,1,1,1,0,1,0,0,0),(20376,100311,3,1,2,1,0,0,0,0),(20377,100311,1,1,1,0,1,0,0,0),(20378,100312,3,1,3,1,0,0,0,0),(20379,100312,1,1,1,0,1,0,0,0),(20380,100312,2,1,1,0,1,0,0,0),(20381,100313,3,1,6,1,0,0,0,0),(20382,100313,1,1,1,0,1,0,0,0),(20383,100313,2,1,1,0,1,0,0,0),(20384,100314,3,1,1,1,0,0,0,0),(20385,100315,3,1,3,1,0,0,0,0),(20386,100315,1,1,1,0,1,0,0,0),(20387,100315,2,1,1,0,1,0,0,0),(20388,100316,3,1,2,1,0,0,0,0),(20389,100316,1,1,1,0,1,0,0,0),(20390,100317,3,1,1,1,0,0,0,0),(20391,100318,3,1,9,1,0,0,0,0),(20392,100318,1,1,1,0,1,0,0,0),(20393,100318,2,1,1,0,1,0,0,0),(20394,100319,3,1,1,1,0,0,0,0),(20395,100320,3,1,2,1,0,0,0,0),(20396,100320,1,1,1,0,1,0,0,0),(20397,100321,3,1,1,1,0,0,0,0),(20398,100322,3,1,1,1,0,0,0,0),(20399,100323,3,1,1,1,0,0,0,0),(20400,100324,3,1,1,1,0,0,0,0),(20401,100325,3,1,1,1,0,0,0,0),(20402,100326,3,1,1,1,0,0,0,0),(20403,100327,3,1,1,1,0,0,0,0),(20404,100328,3,1,1,1,0,0,0,0),(20405,100329,3,1,2,1,0,0,0,0),(20406,100329,1,1,1,0,1,0,0,0),(20407,100330,3,1,2,1,0,0,0,0),(20408,100331,3,1,1,1,0,0,0,0),(20409,100330,1,1,1,0,1,0,0,0),(20410,100332,3,1,1,1,0,0,0,0),(20411,100333,3,1,1,1,0,0,0,0),(20412,100334,3,1,1,1,0,0,0,0),(20413,100335,3,1,1,1,0,0,0,0),(20414,100336,3,1,1,1,0,0,0,0),(20415,100337,3,1,1,1,0,0,0,0),(20416,100338,3,1,1,1,0,0,0,0),(20417,100339,3,1,1,1,0,0,0,0),(20418,100340,3,1,1,1,0,0,0,0),(20419,100341,3,1,1,1,0,0,0,0),(20420,100342,3,1,1,1,0,0,0,0),(20421,100343,3,1,1,1,0,0,0,0),(20422,100344,3,1,1,1,0,0,0,0),(20423,100345,3,1,1,1,0,0,0,0),(20424,100346,3,1,1,1,0,0,0,0),(20425,100347,3,1,1,1,0,0,0,0),(20426,100348,3,1,1,1,0,0,0,0),(20427,100349,3,1,1,1,0,0,0,0),(20428,100350,3,1,1,1,0,0,0,0),(20429,100351,3,1,1,1,0,0,0,0),(20430,100352,3,1,1,1,0,0,0,0),(20431,100353,3,1,1,1,0,0,0,0),(20432,100354,3,1,1,1,0,0,0,0),(20433,100355,3,1,1,1,0,0,0,0),(20434,100356,3,1,1,1,0,0,0,0),(20435,100357,3,1,1,1,0,0,0,0),(20436,100358,3,1,1,1,0,0,0,0),(20437,100359,3,1,1,1,0,0,0,0),(20438,100360,3,1,1,1,0,0,0,0),(20439,100361,3,1,1,1,0,0,0,0),(20440,100362,3,1,1,1,0,0,0,0),(20441,100363,3,1,1,1,0,0,0,0),(20442,100364,3,1,1,1,0,0,0,0),(20443,100365,3,1,1,1,0,0,0,0),(20444,100366,3,1,1,1,0,0,0,0),(20445,100367,3,1,1,1,0,0,0,0),(20446,100368,3,1,1,1,0,0,0,0),(20447,100369,3,1,1,1,0,0,0,0),(20448,100370,3,1,1,1,0,0,0,0),(20449,100371,3,1,1,1,0,0,0,0),(20450,100372,3,1,1,1,0,0,0,0),(20451,100373,3,1,1,1,0,0,0,0),(20452,100374,3,1,2,1,0,0,0,0),(20453,100374,1,1,1,0,1,0,0,0),(20454,100375,3,1,1,1,0,0,0,0),(20455,100376,3,1,1,1,0,0,0,0),(20456,100377,3,1,1,1,0,0,0,0),(20457,100378,3,1,1,1,0,0,0,0),(20458,100379,3,1,2,1,0,0,0,0),(20459,100379,1,1,1,0,1,0,0,0),(20460,100380,3,1,1,1,0,0,0,0),(20461,100381,3,1,2,1,0,0,0,0),(20462,100381,1,1,1,0,1,0,0,0),(20463,100382,3,1,1,1,0,0,0,0),(20464,100383,3,1,1,1,0,0,0,0),(20465,100384,3,1,1,1,0,0,0,0),(20466,100385,3,1,2,1,0,0,0,0),(20467,100385,1,1,1,0,1,0,0,0),(20468,100386,3,1,2,1,0,0,0,0),(20469,100386,1,1,1,0,1,0,0,0),(20470,100387,3,1,1,1,0,0,0,0),(20471,100388,3,1,1,1,0,0,0,0),(20472,100389,3,1,1,1,0,0,0,0),(20473,100390,3,1,1,1,0,0,0,0),(20474,100391,3,1,1,1,0,0,0,0),(20475,100392,3,1,1,1,0,0,0,0),(20476,100393,3,1,1,1,0,0,0,0),(20477,100394,3,1,1,1,0,0,0,0),(20478,100395,3,1,1,1,0,0,0,0),(20479,100396,3,1,1,1,0,0,0,0),(20480,100397,3,1,1,1,0,0,0,0),(20481,100398,3,1,1,1,0,0,0,0),(20482,100399,3,1,1,1,0,0,0,0),(20483,100400,3,1,1,1,0,0,0,0),(20484,100401,3,1,1,1,0,0,0,0),(20485,100402,3,1,1,1,0,0,0,0),(20486,100403,3,1,1,1,0,0,0,0),(20487,100404,3,1,1,1,0,0,0,0),(20488,100405,3,1,2,1,0,0,0,0),(20489,100405,1,1,1,0,1,0,0,0),(20490,100406,3,1,1,1,0,0,0,0),(20491,100407,3,1,1,1,0,0,0,0),(20492,100408,3,1,1,1,0,0,0,0),(20493,100409,3,1,2,1,0,0,0,0),(20494,100409,1,1,1,0,1,0,0,0),(20495,100410,3,1,1,1,0,0,0,0),(20496,100411,3,1,1,1,0,0,0,0),(20497,100412,3,1,1,1,0,0,0,0),(20498,100413,3,1,1,1,0,0,0,0),(20499,100414,3,1,1,1,0,0,0,0),(20500,100415,3,1,2,1,0,0,0,0),(20501,100415,1,1,1,0,1,0,0,0),(20502,100416,3,1,3,1,0,0,0,0),(20503,100416,1,1,1,0,1,0,0,0),(20504,100416,2,1,1,0,1,0,0,0),(20505,100417,3,1,2,1,0,0,0,0),(20506,100417,1,1,1,0,1,0,0,0),(20507,100418,3,1,1,1,0,0,0,0),(20508,100419,3,1,1,1,0,0,0,0),(20509,100420,3,1,1,1,0,0,0,0),(20510,100421,3,1,1,1,0,0,0,0),(20511,100422,3,1,1,1,0,0,0,0),(20512,100423,3,1,1,1,0,0,0,0),(20513,100424,3,1,2,1,0,0,0,0),(20514,100424,1,1,1,0,1,0,0,0),(20515,100425,3,1,1,1,0,0,0,0),(20516,100426,3,1,2,1,0,0,0,0),(20517,100426,1,1,1,0,1,0,0,0),(20518,100427,3,1,1,1,0,0,0,0),(20519,100428,3,1,1,1,0,0,0,0),(20520,100429,3,1,1,1,0,0,0,0),(20521,100430,3,1,1,1,0,0,0,0),(20522,100431,3,1,1,1,0,0,0,0),(20523,100432,3,1,1,1,0,0,0,0),(20524,100433,3,1,1,1,0,0,0,0),(20525,100434,3,1,1,1,0,0,0,0),(20526,100435,3,1,1,1,0,0,0,0),(20527,100436,3,1,1,1,0,0,0,0),(20528,100437,3,1,1,1,0,0,0,0),(20529,100438,3,1,1,1,0,0,0,0),(20530,100439,3,1,1,1,0,0,0,0),(20531,100440,3,1,1,1,0,0,0,0),(20532,100441,3,1,1,1,0,0,0,0),(20533,100442,3,1,1,1,0,0,0,0),(20534,100443,3,1,1,1,0,0,0,0),(20535,100444,3,1,1,1,0,0,0,0),(20536,100445,3,1,1,1,0,0,0,0),(20537,100446,3,1,1,1,0,0,0,0),(20538,100447,3,1,1,1,0,0,0,0),(20539,100448,3,1,1,1,0,0,0,0),(20540,100449,3,1,1,1,0,0,0,0),(20541,100450,3,1,1,1,0,0,0,0),(20542,100451,3,1,1,1,0,0,0,0),(20543,100452,3,1,1,1,0,0,0,0),(20544,100453,3,1,1,1,0,0,0,0),(20545,100454,3,1,1,1,0,0,0,0),(20546,100455,3,1,1,1,0,0,0,0),(20547,100456,3,1,1,1,0,0,0,0),(20548,100457,3,1,1,1,0,0,0,0),(20549,100458,3,1,1,1,0,0,0,0),(20550,100459,3,1,1,1,0,0,0,0),(20551,100460,3,1,1,1,0,0,0,0),(20552,100461,3,1,1,1,0,0,0,0),(20553,100462,3,1,1,1,0,0,0,0),(20554,100463,3,1,1,1,0,0,0,0),(20555,100464,3,1,1,1,0,0,0,0),(20556,100465,3,1,1,1,0,0,0,0),(20557,100466,3,1,1,1,0,0,0,0),(20558,100467,3,1,1,1,0,0,0,0),(20559,100468,3,1,1,1,0,0,0,0),(20560,100469,3,1,2,1,0,0,0,0),(20561,100469,1,1,1,0,1,0,0,0),(20562,100470,3,1,1,1,0,0,0,0),(20563,100471,3,1,1,1,0,0,0,0),(20564,100472,3,1,1,1,0,0,0,0),(20565,100473,3,1,1,1,0,0,0,0),(20566,100474,3,1,1,1,0,0,0,0),(20567,100475,3,1,1,1,0,0,0,0),(20568,100476,3,1,1,1,0,0,0,0),(20569,100477,3,1,1,1,0,0,0,0),(20570,100478,3,1,1,1,0,0,0,0),(20571,100479,3,1,1,1,0,0,0,0),(20578,100485,3,1,2,1,0,0,0,0),(20579,100485,1,1,1,0,1,0,0,0),(20580,100486,3,1,1,1,0,0,0,0),(20581,100487,3,1,1,1,0,0,0,0),(20582,100491,3,1,1,1,0,0,0,0),(20583,100492,3,1,1,1,0,0,0,0),(20584,100493,3,1,1,1,0,0,0,0),(20585,100494,3,1,1,1,0,0,0,0),(20586,100495,3,1,1,1,0,0,0,0),(20587,100496,3,1,1,1,0,0,0,0),(20588,100497,3,1,1,1,0,0,0,0),(20589,100498,3,1,1,1,0,0,0,0),(20590,100499,3,1,1,1,0,0,0,0),(20591,100500,3,1,11,1,0,0,0,0),(20592,100501,3,1,1,1,0,0,0,0),(20593,100500,1,1,1,0,100,0,0,0),(20594,100502,3,1,1,1,0,0,0,0),(20595,100503,3,1,1,1,0,0,0,0),(20596,100504,3,1,1,1,0,0,0,0),(20597,100505,3,1,1,1,0,0,0,0),(20598,100506,3,1,1,1,0,0,0,0),(20599,100507,3,1,1,1,0,0,0,0),(20600,100508,3,1,1,1,0,0,0,0),(20601,100509,3,1,1,1,0,0,0,0),(20602,100510,3,1,1,1,0,0,0,0),(20603,100511,3,1,1,1,0,0,0,0),(20604,100512,3,1,1,1,0,0,0,0),(20605,100513,3,1,1,1,0,0,0,0),(20606,100513,1,1,1,0,100,0,0,0),(20607,100514,3,1,1,1,0,0,0,0),(20608,100515,3,1,1,1,0,0,0,0),(20609,100516,3,1,1,1,0,0,0,0),(20610,100517,3,1,1,1,0,0,0,0),(20611,100518,3,1,1,1,0,0,0,0),(20612,100519,3,1,1,1,0,0,0,0),(20613,100520,3,1,1,1,0,0,0,0),(20614,100521,3,1,1,1,0,0,0,0),(20615,100522,3,1,1,1,0,0,0,0),(20616,100523,3,1,1,1,0,0,0,0),(20617,100524,3,1,11,1,0,0,0,0),(20618,100524,1,1,1,0,100,0,0,0),(20619,100525,3,1,1,1,0,0,0,0),(20620,100526,3,1,1,1,0,0,0,0),(20621,100527,3,1,1,1,0,0,0,0),(20622,100528,3,1,11,1,0,0,0,0),(20623,100528,1,1,1,0,100,0,0,0),(20624,100529,3,1,1,1,0,0,0,0),(20625,100530,3,1,1,1,0,0,0,0),(20626,100531,3,1,61,1,0,0,0,0),(20627,100531,1,1,1,0,100,0,0,0),(20628,100531,2,1,1,0,1,0,0,0),(20629,100532,3,1,1,1,0,0,0,0),(20630,100533,3,1,1,1,0,0,0,0),(20631,100534,3,1,1,1,0,0,0,0),(20632,100535,3,1,1,1,0,0,0,0),(20633,100536,3,1,1,1,0,0,0,0),(20634,100537,3,1,1,1,0,0,0,0),(20635,100538,3,1,11,1,0,0,0,0),(20636,100538,1,1,1,0,100,0,0,0),(20637,100539,3,1,1,1,0,0,0,0),(20638,100540,3,1,1,1,0,0,0,0),(20639,100541,3,1,1,1,0,0,0,0),(20640,100542,3,1,1,1,0,0,0,0),(20641,100543,3,1,1,1,0,0,0,0),(20642,100544,3,1,1,1,0,0,0,0),(20643,100545,3,1,1,1,0,0,0,0),(20644,100546,3,1,1,1,0,0,0,0),(20645,100547,3,1,1,1,0,0,0,0),(20646,100548,3,1,1,1,0,0,0,0),(20647,100549,3,1,1,1,0,0,0,0),(20648,100550,3,1,1,1,0,0,0,0),(20649,100551,3,1,1,1,0,0,0,0),(20650,100552,3,1,1,1,0,0,0,0),(20651,100553,3,1,1,1,0,0,0,0),(20652,100554,3,1,11,1,0,0,0,0),(20653,100554,1,1,1,0,100,0,0,0),(20654,100555,3,2,1,1,0,0,0,0),(20655,100555,1,1,1,0,100,0,0,0),(20656,100555,2,1,1,0,1,0,0,0),(20657,100556,3,3,251,1,0,0,0,0),(20658,100556,1,1,1,0,100,0,0,0),(20659,100556,2,1,1,0,1,0,0,0),(20660,100557,3,1,1,1,0,0,0,0),(20661,100558,3,1,1,1,0,0,0,0),(20662,100559,3,1,1,1,0,0,0,0),(20663,100560,3,1,1,1,0,0,0,0),(20664,100561,3,1,1,1,0,0,0,0),(20665,100562,3,1,1,1,0,0,0,0),(20666,100563,3,1,1,1,0,0,0,0),(20667,100564,3,1,1,1,0,0,0,0),(20668,100565,1,1,1,1,0,0,0,0),(20669,100565,2,1,1,1,0,0,0,0),(20670,100566,1,1,1,1,0,0,0,0),(20671,100566,2,1,1,1,0,0,0,0),(20672,100567,1,1,1,1,0,0,0,0),(20673,100567,2,1,1,1,0,0,0,0),(20674,100568,1,1,11,1,0,0,0,0),(20675,100568,2,1,11,1,0,0,0,0),(20676,100569,1,1,1,1,0,0,0,0),(20677,100569,2,1,1,1,0,0,0,0),(20678,100570,1,1,11,1,0,0,0,0),(20679,100570,2,1,11,1,0,0,0,0),(20680,100570,3,1,1,0,100,0,0,0),(20681,100571,1,1,1,1,0,0,0,0),(20682,100571,2,1,1,1,0,0,0,0),(20683,100572,1,2,1,1,0,0,0,0),(20684,100572,2,2,1,1,0,0,0,0),(20685,100572,3,1,91,1,100,0,0,0),(20686,100573,1,1,1,1,0,0,0,0),(20687,100573,2,1,1,1,0,0,0,0),(20688,100574,1,1,1,1,0,0,0,0),(20689,100574,2,1,1,1,0,0,0,0),(20690,100575,1,1,1,1,0,0,0,0),(20691,100575,2,1,1,1,0,0,0,0),(20692,100576,1,1,1,1,0,0,0,0),(20693,100576,2,1,1,1,0,0,0,0),(20694,100577,1,1,1,1,0,0,0,0),(20695,100577,2,1,1,1,0,0,0,0),(20696,100578,1,1,1,1,0,0,0,0),(20697,100578,2,1,1,1,0,0,0,0),(20698,100579,1,1,1,1,0,0,0,0),(20699,100579,2,1,1,1,0,0,0,0),(20700,100580,1,1,1,1,0,0,0,0),(20701,100580,2,1,1,1,0,0,0,0),(20702,100581,1,1,1,1,0,0,0,0),(20703,100581,2,1,1,1,0,0,0,0),(20704,100582,1,1,1,1,0,0,0,0),(20705,100582,2,1,1,1,0,0,0,0),(20706,100583,1,1,1,1,0,0,0,0),(20707,100583,2,1,1,1,0,0,0,0),(20708,100584,1,1,1,1,0,0,0,0),(20709,100584,2,1,1,1,0,0,0,0),(20710,100585,1,1,1,1,0,0,0,0),(20711,100585,2,1,1,1,0,0,0,0),(20712,100586,1,1,1,1,0,0,0,0),(20713,100586,2,1,1,1,0,0,0,0),(20714,100587,1,1,1,1,0,0,0,0),(20715,100587,2,1,1,1,0,0,0,0),(20716,100588,1,1,1,1,0,0,0,0),(20717,100588,2,1,1,1,0,0,0,0),(20718,100589,1,1,1,1,0,0,0,0),(20719,100589,2,1,1,1,0,0,0,0),(20720,100590,1,1,1,1,0,0,0,0),(20721,100590,2,1,1,1,0,0,0,0),(20722,100591,1,1,1,1,0,0,0,0),(20723,100591,2,1,1,1,0,0,0,0),(20724,100592,1,1,1,1,0,0,0,0),(20725,100592,2,1,1,1,0,0,0,0),(20726,100593,1,1,1,1,0,0,0,0),(20727,100593,2,1,1,1,0,0,0,0),(20728,100594,1,1,1,1,0,0,0,0),(20729,100594,2,1,1,1,0,0,0,0),(20730,100595,1,1,1,1,0,0,0,0),(20731,100595,2,1,1,1,0,0,0,0),(20732,100596,1,1,1,1,0,0,0,0),(20733,100596,2,1,1,1,0,0,0,0),(20734,100597,1,1,1,1,0,0,0,0),(20735,100597,2,1,1,1,0,0,0,0),(20736,100598,1,1,1,1,0,0,0,0),(20737,100598,2,1,1,1,0,0,0,0),(20738,100599,1,1,1,1,0,0,0,0),(20739,100599,2,1,1,1,0,0,0,0),(20740,100600,1,1,1,1,0,0,0,0),(20741,100600,2,1,1,1,0,0,0,0),(20742,100601,1,1,1,1,0,0,0,0),(20743,100601,2,1,1,1,0,0,0,0),(20744,100602,1,1,1,1,0,0,0,0),(20745,100602,2,1,1,1,0,0,0,0),(20746,100603,1,1,1,1,0,0,0,0),(20747,100603,2,1,1,1,0,0,0,0),(20748,100604,1,1,1,1,0,0,0,0),(20749,100604,2,1,1,1,0,0,0,0),(20750,100605,1,1,1,1,0,0,0,0),(20751,100605,2,1,1,1,0,0,0,0),(20752,100606,1,1,1,1,0,0,0,0),(20753,100606,2,1,1,1,0,0,0,0),(20754,100607,1,1,1,1,0,0,0,0),(20755,100607,2,1,1,1,0,0,0,0),(20756,100608,1,1,1,1,0,0,0,0),(20757,100608,2,1,1,1,0,0,0,0),(20758,100609,1,1,1,1,0,0,0,0),(20759,100609,2,1,1,1,0,0,0,0),(20760,100610,1,1,1,1,0,0,0,0),(20761,100610,2,1,1,1,0,0,0,0),(20762,100611,1,1,1,1,0,0,0,0),(20763,100611,2,1,1,1,0,0,0,0),(20764,100612,1,1,1,1,0,0,0,0),(20765,100612,2,1,1,1,0,0,0,0),(20766,100613,1,1,1,1,0,0,0,0),(20767,100613,2,1,1,1,0,0,0,0),(20768,100614,1,1,1,1,0,0,0,0),(20769,100614,2,1,1,1,0,0,0,0),(20770,100615,1,1,1,1,0,0,0,0),(20771,100615,2,1,1,1,0,0,0,0),(20772,100616,1,1,1,1,0,0,0,0),(20773,100616,2,1,1,1,0,0,0,0),(20774,100617,1,1,1,1,0,0,0,0),(20775,100617,2,1,1,1,0,0,0,0),(20776,100618,1,1,1,1,0,0,0,0),(20777,100618,2,1,1,1,0,0,0,0),(20778,100619,1,1,1,1,0,0,0,0),(20779,100619,2,1,1,1,0,0,0,0),(20780,100620,1,1,1,1,0,0,0,0),(20781,100620,2,1,1,1,0,0,0,0),(20782,100621,1,1,1,1,0,0,0,0),(20783,100621,2,1,1,1,0,0,0,0),(20784,100622,1,1,1,1,0,0,0,0),(20785,100622,2,1,1,1,0,0,0,0),(20786,100623,1,1,1,1,0,0,0,0),(20787,100623,2,1,1,1,0,0,0,0),(20788,100624,1,1,1,1,0,0,0,0),(20789,100624,2,1,1,1,0,0,0,0),(20790,100625,1,1,1,1,0,0,0,0),(20791,100625,2,1,1,1,0,0,0,0),(20792,100626,1,1,1,1,0,0,0,0),(20793,100626,2,1,1,1,0,0,0,0),(20794,100627,1,1,1,1,0,0,0,0),(20795,100627,2,1,1,1,0,0,0,0),(20796,100628,1,1,1,1,0,0,0,0),(20797,100628,2,1,1,1,0,0,0,0),(20798,100629,1,1,1,1,0,0,0,0),(20799,100629,2,1,1,1,0,0,0,0),(20800,100630,1,1,1,1,0,0,0,0),(20801,100630,2,1,1,1,0,0,0,0),(20802,100631,1,1,1,1,0,0,0,0),(20803,100631,2,1,1,1,0,0,0,0),(20804,100632,1,1,1,1,0,0,0,0),(20805,100632,2,1,1,1,0,0,0,0),(20806,100633,1,1,1,1,0,0,0,0),(20807,100633,2,1,1,1,0,0,0,0),(20808,100634,1,1,1,1,0,0,0,0),(20809,100634,2,1,1,1,0,0,0,0),(20810,100635,1,1,1,1,0,0,0,0),(20811,100635,2,1,1,1,0,0,0,0),(20812,100636,1,1,1,1,0,0,0,0),(20813,100636,2,1,1,1,0,0,0,0),(20814,100572,4,1,41,1,1,0,0,0),(20815,100637,1,1,1,1,0,0,0,0),(20816,100637,2,1,1,1,0,0,0,0),(20817,100638,1,1,1,1,0,0,0,0),(20818,100638,2,1,1,1,0,0,0,0),(20819,100639,1,1,1,1,0,0,0,0),(20820,100639,2,1,1,1,0,0,0,0),(20821,100640,1,1,1,1,0,0,0,0),(20822,100640,2,1,1,1,0,0,0,0),(20823,100641,1,1,1,1,0,0,0,0),(20824,100641,2,1,1,1,0,0,0,0),(20825,100642,1,1,1,1,0,0,0,0),(20826,100642,2,1,1,1,0,0,0,0),(20827,100643,1,1,1,1,0,0,0,0),(20828,100643,2,1,1,1,0,0,0,0),(20829,100644,1,1,1,1,0,0,0,0),(20830,100644,2,1,1,1,0,0,0,0),(20831,100645,1,1,1,1,0,0,0,0),(20832,100645,2,1,1,1,0,0,0,0),(20833,100646,1,1,1,1,0,0,0,0),(20834,100646,2,1,1,1,0,0,0,0),(20835,100647,1,1,1,1,0,0,0,0),(20836,100647,2,1,1,1,0,0,0,0),(20837,100648,1,1,1,1,0,0,0,0),(20838,100648,2,1,1,1,0,0,0,0),(20839,100649,1,1,1,1,0,0,0,0),(20840,100649,2,1,1,1,0,0,0,0),(20841,100650,1,1,1,1,0,0,0,0),(20842,100650,2,1,1,1,0,0,0,0),(20843,100651,1,1,1,1,0,0,0,0),(20844,100651,2,1,1,1,0,0,0,0),(20845,100652,1,1,1,1,0,0,0,0),(20846,100652,2,1,1,1,0,0,0,0),(20847,100653,1,1,11,1,0,0,0,0),(20848,100653,2,1,11,1,0,0,0,0),(20849,100653,3,1,1,0,100,0,0,0),(20850,100654,1,1,11,1,0,0,0,0),(20851,100654,2,1,11,1,0,0,0,0),(20852,100654,3,1,1,1,100,0,0,0),(20853,100655,1,1,11,1,0,0,0,0),(20854,100655,2,1,11,1,0,0,0,0),(20855,100655,3,1,1,0,100,0,0,0),(20856,100656,1,1,1,1,0,0,0,0),(20857,100656,2,1,1,1,0,0,0,0),(20858,100657,1,1,31,1,0,0,0,0),(20859,100657,2,1,31,1,0,0,0,0),(20860,100657,3,1,1,1,100,0,0,0),(20861,100657,4,1,1,0,1,0,0,0),(20862,100658,1,1,11,1,0,0,0,0),(20863,100658,2,1,11,1,0,0,0,0),(20864,100658,3,1,1,1,100,0,0,0),(20865,100659,1,1,11,1,0,0,0,0),(20866,100659,2,1,11,1,0,0,0,0),(20867,100659,3,1,1,0,100,0,0,0),(20868,100660,1,1,11,1,0,0,0,0),(20869,100660,2,1,11,1,0,0,0,0),(20870,100660,3,1,1,1,100,0,0,0),(20871,100661,1,1,31,1,0,0,0,0),(20872,100661,2,1,31,1,0,0,0,0),(20873,100661,3,1,1,0,100,0,0,0),(20874,100661,4,1,1,0,1,0,0,0),(20875,100662,1,1,1,1,0,0,0,0),(20876,100662,2,1,1,1,0,0,0,0),(20877,100663,1,1,1,1,0,0,0,0),(20878,100663,2,1,1,1,0,0,0,0),(20879,100664,1,2,51,1,0,0,0,0),(20880,100664,2,2,51,1,0,0,0,0),(20881,100664,3,1,1,0,100,0,0,0),(20882,100664,4,1,1,0,1,0,0,0),(20883,100665,1,1,11,1,0,0,0,0),(20884,100665,2,1,11,1,0,0,0,0),(20885,100665,3,1,1,1,100,0,0,0),(20886,100666,1,1,1,1,0,0,0,0),(20887,100666,2,1,1,1,0,0,0,0),(20888,100667,1,1,1,1,0,0,0,0),(20889,100667,2,1,1,1,0,0,0,0),(20890,100668,1,1,1,1,0,0,0,0),(20891,100668,2,1,1,1,0,0,0,0),(20892,100669,1,1,1,1,0,0,0,0),(20893,100669,2,1,1,1,0,0,0,0),(20894,100670,1,1,11,1,0,0,0,0),(20895,100670,2,1,11,1,0,0,0,0),(20896,100670,3,1,1,0,100,0,0,0),(20897,100671,1,1,1,1,0,0,0,0),(20898,100671,2,1,1,1,0,0,0,0),(20899,100672,1,1,1,1,0,0,0,0),(20900,100672,2,1,1,1,0,0,0,0),(20901,100673,1,1,1,1,0,0,0,0),(20902,100673,2,1,1,1,0,0,0,0);

/*Table structure for table `player_start_pet` */

DROP TABLE IF EXISTS `player_start_pet`;

CREATE TABLE `player_start_pet` (
  `id` int(20) NOT NULL AUTO_INCREMENT,
  `startpetids` varchar(200) COLLATE utf8_unicode_ci NOT NULL DEFAULT '[]' COMMENT '创建角色时角色携带的初始宠物  (宠物表id,宠物表id,宠物表id,宠物表id)',
  PRIMARY KEY (`id`)
) ENGINE=InnoDB AUTO_INCREMENT=2 DEFAULT CHARSET=utf8 COLLATE=utf8_unicode_ci;

/*Data for the table `player_start_pet` */

insert  into `player_start_pet`(`id`,`startpetids`) values (1,'(1,2)');

/*Table structure for table `player_welfare` */

DROP TABLE IF EXISTS `player_welfare`;

CREATE TABLE `player_welfare` (
  `id` int(20) NOT NULL AUTO_INCREMENT COMMENT '福利任务记录表主键id',
  `pid` int(10) NOT NULL COMMENT '角色id',
  `typeid` int(10) NOT NULL COMMENT '任务类型id (welfare_typeid)',
  `progress` int(5) DEFAULT '0' COMMENT '这种类型的任务的进度 0,1,2,3  为列表中的下标',
  `counts` int(10) DEFAULT '0' COMMENT '任务累计数量',
  `state` int(2) DEFAULT '0' COMMENT '完成状态 0未完成    1完成,可领取     2已经是最后一个任务了',
  PRIMARY KEY (`id`)
) ENGINE=InnoDB AUTO_INCREMENT=761 DEFAULT CHARSET=utf8 COLLATE=utf8_unicode_ci;

/*Data for the table `player_welfare` */

insert  into `player_welfare`(`id`,`pid`,`typeid`,`progress`,`counts`,`state`) values (1,100286,1,0,0,0),(2,100286,2,0,0,0),(3,100287,1,0,0,0),(4,100287,2,0,0,0),(5,100288,1,0,0,0),(6,100288,2,0,0,0),(7,100289,1,0,0,0),(8,100289,2,0,0,0),(9,100290,1,0,0,0),(10,100290,2,0,0,0),(11,100291,1,0,0,0),(12,100291,2,0,0,0),(13,100292,1,0,0,0),(14,100292,2,0,0,0),(15,100293,1,0,0,0),(16,100293,2,0,0,0),(17,100294,1,0,0,0),(18,100294,2,0,0,0),(19,100295,1,0,0,0),(20,100295,2,0,0,0),(21,100296,1,0,0,0),(22,100296,2,0,0,0),(23,100297,1,0,0,0),(24,100297,2,0,0,0),(25,100298,1,0,0,0),(26,100298,2,0,0,0),(27,100299,1,0,0,0),(28,100299,2,0,0,0),(29,100300,1,0,0,0),(30,100300,2,0,0,0),(31,100301,1,0,0,0),(32,100301,2,0,0,0),(33,100302,1,0,0,0),(34,100302,2,0,0,0),(35,100303,1,0,0,0),(36,100303,2,0,0,0),(37,100304,1,0,0,0),(38,100304,2,0,0,0),(39,100305,1,0,0,0),(40,100305,2,0,0,0),(41,100306,1,0,0,0),(42,100306,2,0,0,0),(43,100307,1,0,0,0),(44,100307,2,0,0,0),(45,100308,1,0,0,0),(46,100308,2,0,0,0),(47,100309,1,0,0,0),(48,100309,2,0,0,0),(49,100310,1,0,0,0),(50,100310,2,0,0,0),(51,100311,1,0,0,0),(52,100311,2,0,0,0),(53,100312,1,0,0,0),(54,100312,2,0,0,0),(55,100313,1,0,0,0),(56,100313,2,0,0,0),(57,100314,1,0,0,0),(58,100314,2,0,0,0),(59,100315,1,0,0,0),(60,100315,2,0,0,0),(61,100316,1,0,0,0),(62,100316,2,0,0,0),(63,100317,1,0,0,0),(64,100317,2,0,0,0),(65,100318,1,0,0,0),(66,100318,2,0,0,0),(67,100319,1,0,0,0),(68,100319,2,0,0,0),(69,100320,1,0,0,0),(70,100320,2,0,0,0),(71,100321,1,0,0,0),(72,100321,2,0,0,0),(73,100322,1,0,0,0),(74,100322,2,0,0,0),(75,100323,1,0,0,0),(76,100323,2,0,0,0),(77,100324,1,0,0,0),(78,100324,2,0,0,0),(79,100325,1,0,0,0),(80,100325,2,0,0,0),(81,100326,1,0,0,0),(82,100326,2,0,0,0),(83,100327,1,0,0,0),(84,100327,2,0,0,0),(85,100328,1,0,0,0),(86,100328,2,0,0,0),(87,100329,1,0,0,0),(88,100329,2,0,0,0),(89,100330,1,0,0,0),(90,100330,2,0,0,0),(91,100331,1,0,0,0),(92,100331,2,0,0,0),(93,100332,1,0,0,0),(94,100332,2,0,0,0),(95,100333,1,0,0,0),(96,100333,2,0,0,0),(97,100334,1,0,0,0),(98,100334,2,0,0,0),(99,100335,1,0,0,0),(100,100335,2,0,0,0),(101,100336,1,0,0,0),(102,100336,2,0,0,0),(103,100337,1,0,0,0),(104,100337,2,0,0,0),(105,100338,1,0,0,0),(106,100338,2,0,0,0),(107,100339,1,0,0,0),(108,100339,2,0,0,0),(109,100340,1,0,0,0),(110,100340,2,0,0,0),(111,100341,1,0,0,0),(112,100341,2,0,0,0),(113,100342,1,0,0,0),(114,100342,2,0,0,0),(115,100343,1,0,0,0),(116,100343,2,0,0,0),(117,100344,1,0,0,0),(118,100344,2,0,0,0),(119,100345,1,0,0,0),(120,100345,2,0,0,0),(121,100346,1,0,0,0),(122,100346,2,0,0,0),(123,100347,1,0,0,0),(124,100347,2,0,0,0),(125,100348,1,0,0,0),(126,100348,2,0,0,0),(127,100349,1,0,0,0),(128,100349,2,0,0,0),(129,100350,1,0,0,0),(130,100350,2,0,0,0),(131,100351,1,0,0,0),(132,100351,2,0,0,0),(133,100352,1,0,0,0),(134,100352,2,0,0,0),(135,100353,1,0,0,0),(136,100353,2,0,0,0),(137,100354,1,0,0,0),(138,100354,2,0,0,0),(139,100355,1,0,0,0),(140,100355,2,0,0,0),(141,100356,1,0,0,0),(142,100356,2,0,0,0),(143,100357,1,0,0,0),(144,100357,2,0,0,0),(145,100358,1,0,0,0),(146,100358,2,0,0,0),(147,100359,1,0,0,0),(148,100359,2,0,0,0),(149,100360,1,0,0,0),(150,100360,2,0,0,0),(151,100361,1,0,0,0),(152,100361,2,0,0,0),(153,100362,1,0,0,0),(154,100362,2,0,0,0),(155,100363,1,0,0,0),(156,100363,2,0,0,0),(157,100364,1,0,0,0),(158,100364,2,0,0,0),(159,100365,1,0,0,0),(160,100365,2,0,0,0),(161,100366,1,0,0,0),(162,100366,2,0,0,0),(163,100367,1,0,0,0),(164,100367,2,0,0,0),(165,100368,1,0,0,0),(166,100368,2,0,0,0),(167,100369,1,0,0,0),(168,100369,2,0,0,0),(169,100370,1,0,0,0),(170,100370,2,0,0,0),(171,100371,1,0,0,0),(172,100371,2,0,0,0),(173,100372,1,0,0,0),(174,100372,2,0,0,0),(175,100373,1,0,0,0),(176,100373,2,0,0,0),(177,100374,1,0,0,0),(178,100374,2,0,0,0),(179,100375,1,0,0,0),(180,100375,2,0,0,0),(181,100376,1,0,0,0),(182,100376,2,0,0,0),(183,100377,1,0,0,0),(184,100377,2,0,0,0),(185,100378,1,0,0,0),(186,100378,2,0,0,0),(187,100379,1,0,0,0),(188,100379,2,0,0,0),(189,100380,1,0,0,0),(190,100380,2,0,0,0),(191,100381,1,0,0,0),(192,100381,2,0,0,0),(193,100382,1,0,0,0),(194,100382,2,0,0,0),(195,100383,1,0,0,0),(196,100383,2,0,0,0),(197,100384,1,0,0,0),(198,100384,2,0,0,0),(199,100385,1,0,0,0),(200,100385,2,0,0,0),(201,100386,1,0,0,0),(202,100386,2,0,0,0),(203,100387,1,0,0,0),(204,100387,2,0,0,0),(205,100388,1,0,0,0),(206,100388,2,0,0,0),(207,100389,1,0,0,0),(208,100389,2,0,0,0),(209,100390,1,0,0,0),(210,100390,2,0,0,0),(211,100391,1,0,0,0),(212,100391,2,0,0,0),(213,100392,1,0,0,0),(214,100392,2,0,0,0),(215,100393,1,0,0,0),(216,100393,2,0,0,0),(217,100394,1,0,0,0),(218,100394,2,0,0,0),(219,100395,1,0,0,0),(220,100395,2,0,0,0),(221,100396,1,0,0,0),(222,100396,2,0,0,0),(223,100397,1,0,0,0),(224,100397,2,0,0,0),(225,100398,1,0,0,0),(226,100398,2,0,0,0),(227,100399,1,0,0,0),(228,100399,2,0,0,0),(229,100400,1,0,0,0),(230,100400,2,0,0,0),(231,100401,1,0,0,0),(232,100401,2,0,0,0),(233,100402,1,0,0,0),(234,100402,2,0,0,0),(235,100403,1,0,0,0),(236,100403,2,0,0,0),(237,100404,1,0,0,0),(238,100404,2,0,0,0),(239,100405,1,0,0,0),(240,100405,2,0,0,0),(241,100406,1,0,0,0),(242,100406,2,0,0,0),(243,100407,1,0,0,0),(244,100407,2,0,0,0),(245,100408,1,0,0,0),(246,100408,2,0,0,0),(247,100409,1,0,0,0),(248,100409,2,0,0,0),(249,100410,1,0,0,0),(250,100410,2,0,0,0),(251,100411,1,0,0,0),(252,100411,2,0,0,0),(253,100412,1,0,0,0),(254,100412,2,0,0,0),(255,100413,1,0,0,0),(256,100413,2,0,0,0),(257,100414,1,0,0,0),(258,100414,2,0,0,0),(259,100415,1,0,0,0),(260,100415,2,0,0,0),(261,100416,1,0,0,0),(262,100416,2,0,0,0),(263,100417,1,0,0,0),(264,100417,2,0,0,0),(265,100418,1,0,0,0),(266,100418,2,0,0,0),(267,100419,1,0,0,0),(268,100419,2,0,0,0),(269,100420,1,0,0,0),(270,100420,2,0,0,0),(271,100421,1,0,0,0),(272,100421,2,0,0,0),(273,100422,1,0,0,0),(274,100422,2,0,0,0),(275,100423,1,0,0,0),(276,100423,2,0,0,0),(277,100424,1,0,0,0),(278,100424,2,0,0,0),(279,100425,1,0,0,0),(280,100425,2,0,0,0),(281,100426,1,0,0,0),(282,100426,2,0,0,0),(283,100427,1,0,0,0),(284,100427,2,0,0,0),(285,100428,1,0,0,0),(286,100428,2,0,0,0),(287,100429,1,0,0,0),(288,100429,2,0,0,0),(289,100430,1,0,0,0),(290,100430,2,0,0,0),(291,100431,1,0,0,0),(292,100431,2,0,0,0),(293,100432,1,0,0,0),(294,100432,2,0,0,0),(295,100433,1,0,0,0),(296,100433,2,0,0,0),(297,100434,1,0,0,0),(298,100434,2,0,0,0),(299,100435,1,0,0,0),(300,100435,2,0,0,0),(301,100436,1,0,0,0),(302,100436,2,0,0,0),(303,100437,1,0,0,0),(304,100437,2,0,0,0),(305,100438,1,0,0,0),(306,100438,2,0,0,0),(307,100439,1,0,0,0),(308,100439,2,0,0,0),(309,100440,1,0,0,0),(310,100440,2,0,0,0),(311,100441,1,0,0,0),(312,100441,2,0,0,0),(313,100442,1,0,0,0),(314,100442,2,0,0,0),(315,100443,1,0,0,0),(316,100443,2,0,0,0),(317,100444,1,0,0,0),(318,100444,2,0,0,0),(319,100445,1,0,0,0),(320,100445,2,0,0,0),(321,100446,1,0,0,0),(322,100446,2,0,0,0),(323,100447,1,0,0,0),(324,100447,2,0,0,0),(325,100448,1,0,0,0),(326,100448,2,0,0,0),(327,100449,1,0,0,0),(328,100449,2,0,0,0),(329,100450,1,0,0,0),(330,100450,2,0,0,0),(331,100451,1,0,0,0),(332,100451,2,0,0,0),(333,100452,1,0,0,0),(334,100452,2,0,0,0),(335,100453,1,0,0,0),(336,100453,2,0,0,0),(337,100454,1,0,0,0),(338,100454,2,0,0,0),(339,100455,1,0,0,0),(340,100455,2,0,0,0),(341,100456,1,0,0,0),(342,100456,2,0,0,0),(343,100457,1,0,0,0),(344,100457,2,0,0,0),(345,100458,1,0,0,0),(346,100458,2,0,0,0),(347,100459,1,0,0,0),(348,100459,2,0,0,0),(349,100460,1,0,0,0),(350,100460,2,0,0,0),(351,100461,1,0,0,0),(352,100461,2,0,0,0),(353,100462,1,0,0,0),(354,100462,2,0,0,0),(355,100463,1,0,0,0),(356,100463,2,0,0,0),(357,100464,1,0,0,0),(358,100464,2,0,0,0),(359,100465,1,0,0,0),(360,100465,2,0,0,0),(361,100466,1,0,0,0),(362,100466,2,0,0,0),(363,100467,1,0,0,0),(364,100467,2,0,0,0),(365,100468,1,0,0,0),(366,100468,2,0,0,0),(367,100469,1,0,0,0),(368,100469,2,0,0,0),(369,100470,1,0,0,0),(370,100470,2,0,0,0),(371,100471,1,0,0,0),(372,100471,2,0,0,0),(373,100472,1,0,0,0),(374,100472,2,0,0,0),(375,100473,1,0,0,0),(376,100473,2,0,0,0),(377,100474,1,0,0,0),(378,100474,2,0,0,0),(379,100475,1,0,0,0),(380,100475,2,0,0,0),(381,100476,1,0,0,0),(382,100476,2,0,0,0),(383,100477,1,0,0,0),(384,100477,2,0,0,0),(385,100478,1,0,0,0),(386,100478,2,0,0,0),(387,100479,1,0,0,0),(388,100479,2,0,0,0),(389,100485,1,0,0,0),(390,100485,2,0,0,0),(391,100486,1,0,0,0),(392,100486,2,0,0,0),(393,100487,1,0,0,0),(394,100487,2,0,0,0),(395,100491,1,0,0,0),(396,100491,2,0,0,0),(397,100492,1,0,0,0),(398,100492,2,0,0,0),(399,100493,1,0,0,0),(400,100493,2,0,0,0),(401,100494,1,0,0,0),(402,100494,2,0,0,0),(403,100495,1,0,0,0),(404,100495,2,0,0,0),(405,100496,1,0,0,0),(406,100496,2,0,0,0),(407,100497,1,0,0,0),(408,100497,2,0,0,0),(409,100498,1,0,0,0),(410,100498,2,0,0,0),(411,100499,1,0,0,0),(412,100499,2,0,0,0),(413,100500,1,0,0,0),(414,100500,2,0,0,0),(415,100501,1,0,0,0),(416,100501,2,0,0,0),(417,100502,1,0,0,0),(418,100502,2,0,0,0),(419,100503,1,0,0,0),(420,100503,2,0,0,0),(421,100504,1,0,0,0),(422,100504,2,0,0,0),(423,100505,1,0,0,0),(424,100505,2,0,0,0),(425,100506,1,0,0,0),(426,100506,2,0,0,0),(427,100507,1,0,0,0),(428,100507,2,0,0,0),(429,100508,1,0,0,0),(430,100508,2,0,0,0),(431,100509,1,0,0,0),(432,100509,2,0,0,0),(433,100510,1,0,0,0),(434,100510,2,0,0,0),(435,100511,1,0,0,0),(436,100511,2,0,0,0),(437,100512,1,0,0,0),(438,100512,2,0,0,0),(439,100513,1,0,0,0),(440,100513,2,0,0,0),(441,100514,1,0,0,0),(442,100514,2,0,0,0),(443,100515,1,0,0,0),(444,100515,2,0,0,0),(445,100516,1,0,0,0),(446,100516,2,0,0,0),(447,100517,1,0,0,0),(448,100517,2,0,0,0),(449,100518,1,0,0,0),(450,100518,2,0,0,0),(451,100519,1,0,0,0),(452,100519,2,0,0,0),(453,100520,1,0,0,0),(454,100520,2,0,0,0),(455,100521,1,0,0,0),(456,100521,2,0,0,0),(457,100522,1,0,0,0),(458,100522,2,0,0,0),(459,100523,1,0,0,0),(460,100523,2,0,0,0),(461,100524,1,0,0,0),(462,100524,2,0,0,0),(463,100525,1,0,0,0),(464,100525,2,0,0,0),(465,100526,1,0,0,0),(466,100526,2,0,0,0),(467,100527,1,0,0,0),(468,100527,2,0,0,0),(469,100528,1,0,0,0),(470,100528,2,0,0,0),(471,100529,1,0,0,0),(472,100529,2,0,0,0),(473,100530,1,0,0,0),(474,100530,2,0,0,0),(475,100531,1,0,0,0),(476,100531,2,0,0,0),(477,100532,1,0,0,0),(478,100532,2,0,0,0),(479,100533,1,0,0,0),(480,100533,2,0,0,0),(481,100534,1,0,0,0),(482,100534,2,0,0,0),(483,100535,1,0,0,0),(484,100535,2,0,0,0),(485,100536,1,0,0,0),(486,100536,2,0,0,0),(487,100537,1,0,0,0),(488,100537,2,0,0,0),(489,100538,1,0,0,0),(490,100538,2,0,0,0),(491,100539,1,0,0,0),(492,100539,2,0,0,0),(493,100540,1,0,0,0),(494,100540,2,0,0,0),(495,100541,1,0,0,0),(496,100541,2,0,0,0),(497,100542,1,0,0,0),(498,100542,2,0,0,0),(499,100543,1,0,0,0),(500,100543,2,0,0,0),(501,100544,1,0,0,0),(502,100544,2,0,0,0),(503,100545,1,0,0,0),(504,100545,2,0,0,0),(505,100546,1,0,0,0),(506,100546,2,0,0,0),(507,100547,1,0,0,0),(508,100547,2,0,0,0),(509,100548,1,0,0,0),(510,100548,2,0,0,0),(511,100549,1,0,0,0),(512,100549,2,0,0,0),(513,100550,1,0,0,0),(514,100550,2,0,0,0),(515,100551,1,0,0,0),(516,100551,2,0,0,0),(517,100552,1,0,0,0),(518,100552,2,0,0,0),(519,100553,1,0,0,0),(520,100553,2,0,0,0),(521,100554,1,0,0,0),(522,100554,2,0,0,0),(523,100555,1,0,0,0),(524,100555,2,0,0,0),(525,100556,1,0,0,0),(526,100556,2,0,0,0),(527,100557,1,0,0,0),(528,100557,2,0,0,0),(529,100558,1,0,0,0),(530,100558,2,0,0,0),(531,100559,1,0,0,0),(532,100559,2,0,0,0),(533,100560,1,0,0,0),(534,100560,2,0,0,0),(535,100561,1,0,0,0),(536,100561,2,0,0,0),(537,100562,1,0,0,0),(538,100562,2,0,0,0),(539,100563,1,0,0,0),(540,100563,2,0,0,0),(541,100564,1,0,0,0),(542,100564,2,0,0,0),(543,100565,1,0,0,0),(544,100565,2,0,0,0),(545,100566,1,0,0,0),(546,100566,2,0,0,0),(547,100567,1,0,0,0),(548,100567,2,0,0,0),(549,100568,1,0,0,1),(550,100568,2,0,0,0),(551,100569,1,0,0,0),(552,100569,2,0,0,0),(553,100570,1,1,0,0),(554,100570,2,0,0,0),(555,100571,1,0,0,0),(556,100571,2,0,0,0),(557,100572,1,1,0,1),(558,100572,2,0,0,0),(559,100573,1,0,0,0),(560,100573,2,0,0,0),(561,100574,1,0,0,0),(562,100574,2,0,0,0),(563,100575,1,0,0,0),(564,100575,2,0,0,0),(565,100576,1,0,0,0),(566,100576,2,0,0,0),(567,100577,1,0,0,0),(568,100577,2,0,0,0),(569,100578,1,0,0,0),(570,100578,2,0,0,0),(571,100579,1,0,0,0),(572,100579,2,0,0,0),(573,100580,1,0,0,0),(574,100580,2,0,0,0),(575,100581,1,0,0,0),(576,100581,2,0,0,0),(577,100582,1,0,0,0),(578,100582,2,0,0,0),(579,100583,1,0,0,0),(580,100583,2,0,0,0),(581,100584,1,0,0,0),(582,100584,2,0,0,0),(583,100585,1,0,0,0),(584,100585,2,0,0,0),(585,100586,1,0,0,0),(586,100586,2,0,0,0),(587,100587,1,0,0,0),(588,100587,2,0,0,0),(589,100588,1,0,0,0),(590,100588,2,0,0,0),(591,100589,1,0,0,0),(592,100589,2,0,0,0),(593,100590,1,0,0,0),(594,100590,2,0,0,0),(595,100591,1,0,0,0),(596,100591,2,0,0,0),(597,100592,1,0,0,0),(598,100592,2,0,0,0),(599,100593,1,0,0,0),(600,100593,2,0,0,0),(601,100594,1,0,0,0),(602,100594,2,0,0,0),(603,100595,1,0,0,0),(604,100595,2,0,0,0),(605,100596,1,0,0,0),(606,100596,2,0,0,0),(607,100597,1,0,0,0),(608,100597,2,0,0,0),(609,100598,1,0,0,0),(610,100598,2,0,0,0),(611,100599,1,0,0,0),(612,100599,2,0,0,0),(613,100600,1,0,0,0),(614,100600,2,0,0,0),(615,100601,1,0,0,0),(616,100601,2,0,0,0),(617,100602,1,0,0,0),(618,100602,2,0,0,0),(619,100603,1,0,0,0),(620,100603,2,0,0,0),(621,100604,1,0,0,0),(622,100604,2,0,0,0),(623,100605,1,0,0,0),(624,100605,2,0,0,0),(625,100606,1,0,0,0),(626,100606,2,0,0,0),(627,100607,1,0,0,0),(628,100607,2,0,0,0),(629,100608,1,0,0,0),(630,100608,2,0,0,0),(631,100609,1,0,0,0),(632,100609,2,0,0,0),(633,100610,1,0,0,0),(634,100610,2,0,0,0),(635,100611,1,0,0,0),(636,100611,2,0,0,0),(637,100612,1,0,0,0),(638,100612,2,0,0,0),(639,100613,1,0,0,0),(640,100613,2,0,0,0),(641,100614,1,0,0,0),(642,100614,2,0,0,0),(643,100615,1,0,0,0),(644,100615,2,0,0,0),(645,100616,1,0,0,0),(646,100616,2,0,0,0),(647,100617,1,0,0,0),(648,100617,2,0,0,0),(649,100618,1,0,0,0),(650,100618,2,0,0,0),(651,100619,1,0,0,0),(652,100619,2,0,0,0),(653,100620,1,0,0,0),(654,100620,2,0,0,0),(655,100621,1,0,0,0),(656,100621,2,0,0,0),(657,100622,1,0,0,0),(658,100622,2,0,0,0),(659,100623,1,0,0,0),(660,100623,2,0,0,0),(661,100624,1,0,0,0),(662,100624,2,0,0,0),(663,100625,1,0,0,0),(664,100625,2,0,0,0),(665,100626,1,0,0,0),(666,100626,2,0,0,0),(667,100627,1,0,0,0),(668,100627,2,0,0,0),(669,100628,1,0,0,0),(670,100628,2,0,0,0),(671,100629,1,0,0,0),(672,100629,2,0,0,0),(673,100630,1,0,0,0),(674,100630,2,0,0,0),(675,100631,1,0,0,0),(676,100631,2,0,0,0),(677,100632,1,0,0,0),(678,100632,2,0,0,0),(679,100633,1,0,0,0),(680,100633,2,0,0,0),(681,100634,1,0,0,0),(682,100634,2,0,0,0),(683,100635,1,0,0,0),(684,100635,2,0,0,0),(685,100636,1,0,0,0),(686,100636,2,0,0,0),(687,100637,1,0,0,0),(688,100637,2,0,0,0),(689,100638,1,0,0,0),(690,100638,2,0,0,0),(691,100639,1,0,0,0),(692,100639,2,0,0,0),(693,100640,1,0,0,0),(694,100640,2,0,0,0),(695,100641,1,0,0,0),(696,100641,2,0,0,0),(697,100642,1,0,0,0),(698,100642,2,0,0,0),(699,100643,1,0,0,0),(700,100643,2,0,0,0),(701,100644,1,0,0,0),(702,100644,2,0,0,0),(703,100645,1,0,0,0),(704,100645,2,0,0,0),(705,100646,1,0,0,0),(706,100646,2,0,0,0),(707,100647,1,0,0,0),(708,100647,2,0,0,0),(709,100648,1,0,0,0),(710,100648,2,0,0,0),(711,100649,1,0,0,0),(712,100649,2,0,0,0),(713,100650,1,0,0,0),(714,100650,2,0,0,0),(715,100651,1,0,0,0),(716,100651,2,0,0,0),(717,100652,1,0,0,0),(718,100652,2,0,0,0),(719,100653,1,0,0,1),(720,100653,2,0,0,0),(721,100654,1,0,0,1),(722,100654,2,0,0,0),(723,100655,1,0,0,1),(724,100655,2,0,0,0),(725,100656,1,0,0,0),(726,100656,2,0,0,0),(727,100657,1,0,0,1),(728,100657,2,0,0,0),(729,100658,1,0,0,1),(730,100658,2,0,0,0),(731,100659,1,0,0,1),(732,100659,2,0,0,0),(733,100660,1,0,0,1),(734,100660,2,0,0,0),(735,100661,1,0,0,1),(736,100661,2,0,0,0),(737,100662,1,0,0,0),(738,100662,2,0,0,0),(739,100663,1,0,0,0),(740,100663,2,0,0,0),(741,100664,1,0,0,1),(742,100664,2,0,0,0),(743,100665,1,0,0,1),(744,100665,2,0,0,0),(745,100666,1,0,0,0),(746,100666,2,0,0,0),(747,100667,1,0,0,0),(748,100667,2,0,0,0),(749,100668,1,0,0,0),(750,100668,2,0,0,0),(751,100669,1,0,0,0),(752,100669,2,0,0,0),(753,100670,1,0,0,1),(754,100670,2,0,0,0),(755,100671,1,0,0,0),(756,100671,2,0,0,0),(757,100672,1,0,0,0),(758,100672,2,0,0,0),(759,100673,1,0,0,0),(760,100673,2,0,0,0);

/*Table structure for table `skill` */

DROP TABLE IF EXISTS `skill`;

CREATE TABLE `skill` (
  `id` int(20) NOT NULL AUTO_INCREMENT COMMENT '技能表主键id',
  `kname` varchar(20) COLLATE utf8_unicode_ci NOT NULL COMMENT '技能名称',
  `typeid` int(3) NOT NULL COMMENT '技能类型  1射击  2弹弹球  3圆形范围  4切水果  5圆形范围加血',
  `script` varchar(500) COLLATE utf8_unicode_ci DEFAULT 'harm=harm' COMMENT '伤害计算公式',
  `counts` int(3) DEFAULT '1' COMMENT '每次允许发射次数  x表示触发x次技能之后技能冷却',
  `ranges` int(10) DEFAULT '0' COMMENT '每一次触发技能后 碰触墙壁次数、半径、伤害次数',
  `times` int(10) DEFAULT '1' COMMENT '技能冷却时间 秒数',
  `buffid` int(20) DEFAULT '0' COMMENT '触发的buff表的id  0为没有buff',
  `cri` int(3) DEFAULT '0' COMMENT '暴击概率 70表示暴击概率为70%',
  `crp` double DEFAULT '1.1' COMMENT '暴击威力 1.1',
  `nextid` int(20) DEFAULT '0' COMMENT '本技能升级后的技能id',
  `gold` int(20) DEFAULT '0' COMMENT '技能升级所需要的金币',
  `attackeffect` int(10) DEFAULT '0' COMMENT '技能释放特效',
  `moveeffect` int(10) DEFAULT '0' COMMENT '技能移动特效',
  `passiveeffect` int(10) DEFAULT '0' COMMENT '受击特效：怪物收到此技能攻击的时候的特效',
  PRIMARY KEY (`id`)
) ENGINE=InnoDB AUTO_INCREMENT=6 DEFAULT CHARSET=utf8 COLLATE=utf8_unicode_ci;

/*Data for the table `skill` */

insert  into `skill`(`id`,`kname`,`typeid`,`script`,`counts`,`ranges`,`times`,`buffid`,`cri`,`crp`,`nextid`,`gold`,`attackeffect`,`moveeffect`,`passiveeffect`) values (1,'弹指神通',1,'角色最终攻击力+3',3,1,45,0,50,1.5,0,9999999,11001,12001,13001),(2,'生死符',2,'角色最终攻击力+5',1,8,55,0,50,1.5,0,9999999,11002,12002,13002),(3,'地裂山崩',3,'角色最终攻击力+12',1,400,120,0,50,1.5,0,9999999,11003,12003,13003),(4,'指点江山',4,'角色最终攻击力+2',20,1,80,0,50,1.5,0,9999999,11004,12004,13004),(5,'范围加血',5,'角色最终攻击力+6',1,400,120,0,50,1.5,0,9999999,11005,12005,13005);

/*Table structure for table `welfare` */

DROP TABLE IF EXISTS `welfare`;

CREATE TABLE `welfare` (
  `id` int(10) NOT NULL AUTO_INCREMENT COMMENT '福利任务主键id',
  `icontype` int(10) NOT NULL COMMENT '奖励图标类型 1金币 2银币',
  `number` int(10) NOT NULL COMMENT '奖励金额',
  `typeid` int(10) NOT NULL COMMENT '福利任务完成类型',
  `val` int(10) NOT NULL DEFAULT '0' COMMENT '特定id完成',
  `total` int(10) DEFAULT '0' COMMENT '任务需求数量完成',
  `descriptions` varchar(200) COLLATE utf8_unicode_ci DEFAULT '暂无' COMMENT '任务描述',
  `top` int(20) DEFAULT NULL COMMENT '当前任务类型的福利任务排序 1,2,3,4,5',
  PRIMARY KEY (`id`)
) ENGINE=InnoDB AUTO_INCREMENT=5 DEFAULT CHARSET=utf8 COLLATE=utf8_unicode_ci;

/*Data for the table `welfare` */

insert  into `welfare`(`id`,`icontype`,`number`,`typeid`,`val`,`total`,`descriptions`,`top`) values (1,2,100,1,1,0,'通过主线第1关',1),(2,2,200,1,3,0,'通过主线第2关',2),(3,1,100,2,0,10,'累计充值达到10元',1),(4,1,300,2,0,30,'累计充值达到30元',2);

/*Table structure for table `welfare_type` */

DROP TABLE IF EXISTS `welfare_type`;

CREATE TABLE `welfare_type` (
  `id` int(10) NOT NULL AUTO_INCREMENT COMMENT '福利任务类型',
  `context` varchar(100) COLLATE utf8_unicode_ci NOT NULL COMMENT '描述',
  PRIMARY KEY (`id`)
) ENGINE=InnoDB AUTO_INCREMENT=3 DEFAULT CHARSET=utf8 COLLATE=utf8_unicode_ci;

/*Data for the table `welfare_type` */

insert  into `welfare_type`(`id`,`context`) values (1,'通关固定关卡'),(2,'充值累计金额');

/*!40101 SET SQL_MODE=@OLD_SQL_MODE */;
/*!40014 SET FOREIGN_KEY_CHECKS=@OLD_FOREIGN_KEY_CHECKS */;
/*!40014 SET UNIQUE_CHECKS=@OLD_UNIQUE_CHECKS */;
/*!40111 SET SQL_NOTES=@OLD_SQL_NOTES */;
